Neighbourhood,id,Population_2016,Population_2011,Population_Change_20112016,Total_private_dwellings,Children_0_to_14_years,Youth_15_to_24_years,Working_Age_25_to_54_years,Preretirement_55_to_64_years,Seniors_65_years_and_older,Income_under_10000_including_loss,Income_10000_to_19999,Income_20000_to_29999,Income_30000_to_39999,Income_40000_to_49999,Income_50000_to_59999,Income_60000_to_69999,Income_70000_to_79999,Income_80000_to_89999,Income_90000_to_99999,Income_100000_and_over,No_certificate_diploma_or_degree,Secondary_high_school_diploma_or_equivalency_certificate,Postsecondary_certificate_diploma_or_degree,Apprenticeship_or_trades_certificate_or_diploma,College_CEGEP_or_other_nonuniversity_certificate_or_diploma,University_certificate_or_diploma_below_bachelor_level,University_certificate_diploma_or_degree_at_bachelor_level_or_above,Bachelors_degree,University_certificate_or_diploma_above_bachelor_level,Degree_in_medicine_dentistry_veterinary_medicine_or_optometry,Masters_degree,Earned_doctorate,Total_income_Average_amount_,Market_income_Average_amount_,Employment_income_Average_amount_,Investment_income_Average_amount_,Private_retirement_income_Average_amount_,Canada_Pension_Plan_CPP_and_Quebec_Pension_Plan_QPP_benefits_Average_amount,Employment_Insurance_EI_benefits_Average_amount,Child_benefits_Average_amount,Social_assistance_benefits_Average_amount,Workers_compensation_benefits_Average_amount_,Working_income_tax_benefit_WITB_Average_amount_,Goods_and_services_tax_GST_credit_and_harmonized_sales_tax_HST_credit_Average_amount_,Aftertax_income_Average_amount_,Income_taxes_Average_amount_,Net_federal_tax_Average_amount_,Provincial_and_territorial_income_taxes_Average_amount_,City_Grants_Funding_,Neighbourhood_Equity_Score,Walk_Score,Businesses,Child_Care_Spaces,Debt_Risk_Score,Home_Prices,Local_Employment,Social_Assistance_Recipients,Catholic_School_Graduation,Catholic_School_Literacy,Green_Rebate_Programs,Green_Spaces,Health_Providers,Premature_Mortality,Rent_Bank_Applicants,Social_Housing_Units,Social_Housing_Waiting_List,Arsons,Assaults,Break__Enters,Drug_Arrests,Fire_Medical_Calls,Fire_Vehicle_Incidents,Fires__Fire_Alarms,Hazardous_Incidents,Murders,Robberies,Sexual_Assaults,Thefts,Total_Major_Crime_Incidents,Vehicle_Thefts
Agincourt North,129,29113,30279,-0.039,9371,3840,3705,11305,4230,6045,5225,6475,3945,2780,2005,1220,745,525,275,190,245,3335,4240,7870,520,2550,570,4240,3090,215,105,735,85,30414,30017,31860,3646,18482,5739,6841,6244,8602,1733,932,356,26955,6726,4795,2472,123283,45.78,57,2463,195,719,317508,58271,2912,0.810055,68.518516,428,2.078835532,101,223.8,38,952,557,4,390,175,62,1321,502,705,210,0,82,68,54,1119,288
Agincourt South-Malvern West,128,23757,21988,0.08,8535,3075,3360,9965,3265,4105,4590,4640,3075,2270,1665,1150,695,500,290,155,265,1860,3410,7895,460,2340,485,4615,3270,215,120,920,85,31825,31854,33908,4380,18200,6190,7393,5882,8926,2294,914,341,27928,7185,5102,2642,238172,29.29,61,271,60,687,251119,3244,6561,0.792899,59.2,250,1.048870056,44,242.6,41,1146,1049,3,316,61,90,1016,59,361,176,1,78,75,7,690,62
Alderwood,20,12054,11904,0.013,4732,1760,1235,5220,1825,2015,1395,1565,1590,1325,1170,930,625,510,350,155,325,795,1825,4350,445,1735,195,1980,1415,105,45,390,25,47709,46761,49899,4820,18562,8047,7495,3933,9642,8613,746,327,39159,11626,7895,4274,7296,39.78,54,217,25,718,414216,1311,1276,0.73,68.888885,118,0.939107957,14,226.1,7,447,270,0,85,36,16,323,48,90,34,0,17,24,2,192,12
Annex,95,30526,29177,0.046,18109,2360,3750,15040,3480,5910,3995,3790,2955,2590,2370,1930,1630,1215,870,670,3660,450,2060,15395,365,2005,385,12640,6855,670,330,3930,870,112766,117981,102593,44538,42918,8250,6959,3313,8296,4617,733,300,80138,45973,30496,18254,35100,43.76,58,144,75,721,392271,1178,1323,0.864197,74.074073,121,0.240663012,6,282.7,19,432,186,0,59,32,15,305,34,94,55,1,16,20,3,164,18
Banbury-Don Mills,42,27695,26918,0.029,12473,3605,2730,10810,3555,6975,3320,3265,2725,2450,2360,1905,1550,1135,905,630,2150,610,2265,11455,400,2420,560,8060,4895,530,430,1970,245,67757,68234,63371,20893,29704,8242,8202,3835,8348,2039,825,326,51874,21829,14370,8509,0,29.54,48,67,60,692,233832,903,1683,0.653333,59.2,73,0.730089694,1,163.6,14,463,239,1,77,25,14,321,71,107,43,0,23,5,19,185,22
Bathurst Manor,34,15873,15434,0.028,6418,2325,1940,6655,2030,2940,2160,2570,2030,1545,1200,895,675,470,390,205,530,480,1830,6390,385,1625,355,4030,2485,375,135,880,155,45936,47015,46786,10273,18528,7476,6983,4419,9708,7125,816,342,37927,12656,8645,4814,0,41.76,56,160,129,717,292861,2799,4348,0.854304,76.666664,181,0.310186768,24,181.9,55,367,663,0,134,59,47,680,186,244,117,1,32,22,8,351,48
Bay Street Corridor,76,25797,19348,0.333,18436,1695,6860,13065,1760,2420,7090,2995,2180,1965,1730,1565,1545,1125,660,445,1620,285,1265,13220,170,1085,300,11660,5810,570,1130,3275,870,56526,64645,63009,17050,37712,8217,8106,5014,8917,0,763,283,43427,23471,16729,9224,14425,54.46,51,169,165,750,511637,1843,2032,0.884615,84.771575,259,0.348688375,31,172.6,24,561,316,2,131,66,18,640,78,228,111,0,48,22,8,342,49
Bayview Village,52,21396,17671,0.211,10111,2415,2505,10310,2540,3615,3890,2805,2155,1805,1700,1400,1110,860,600,365,1070,385,1700,10750,240,2120,490,7910,4895,400,365,1985,260,52035,54357,51853,14638,32763,7716,8020,4604,8280,0,882,318,41440,16439,11062,6569,32400,56.13,58,82,140,753,491396,896,856,0.85,81.034484,114,0.431646057,4,207.9,3,669,155,1,41,28,12,512,37,165,64,0,15,1,1,106,8
Bayview Woods-Steeles,49,13154,13530,-0.028,4895,1515,1635,4490,1825,3685,2215,1985,1425,1085,915,730,580,455,325,215,635,310,910,5075,200,995,230,3640,2105,280,155,915,180,47246,47319,45292,11674,28249,7871,6759,4937,8835,0,840,336,38196,14685,10191,5608,0,63.36,49,153,30,761,873268,1334,751,0.875,85.454544,129,0.544804291,10,193,10,0,139,1,57,75,4,317,25,113,73,0,18,5,5,185,21
Bedford Park-Nortown,39,23236,23185,0.002,9052,4555,3210,8410,3075,3980,2480,2140,2050,1635,1350,1125,935,810,680,575,3900,415,1545,9405,320,1425,295,7350,4285,515,495,1845,220,123077,125630,112273,41765,37101,8659,9058,3966,9096,0,767,335,85678,48920,32139,19736,0,76.57,48,74,367,791,971668,1226,299,0.955882,91.304344,169,0.220794818,6,189.8,4,0,41,0,48,50,16,214,22,76,54,0,17,1,9,157,16
Beechborough-Greenbrook,112,6577,6488,0.014,2796,1120,855,2750,885,965,850,1205,960,740,510,275,180,95,40,25,55,790,1015,1760,375,735,140,505,355,70,10,60,10,33829,33207,35218,5056,16907,7457,6320,7248,9378,8785,631,385,29453,7726,5418,2835,0,62.56,57,229,172,775,423034,3472,775,0.924107,86.71875,313,2.891261519,10,173.9,3,104,101,0,58,63,9,522,141,142,81,0,35,9,5,204,25
Bendale,127,29960,27876,0.075,11293,4550,4605,12050,3535,5250,5175,4820,3730,3150,2320,1575,965,635,360,180,260,2075,4010,9365,620,3230,460,5065,3540,345,105,990,55,33256,33857,35897,2951,18837,7172,6499,6598,10030,6982,899,347,28953,7640,5364,2766,1200,74.88,69,106,105,783,505350,1494,239,0.966666,91.666664,182,0.224255343,14,199.1,4,0,70,0,42,24,10,251,50,71,26,0,20,3,0,113,14
Birchcliffe-Cliffside,122,22291,21856,0.02,9637,3345,2440,9075,3520,3910,2795,2945,2500,2015,1840,1515,1045,895,635,360,1045,1210,3195,8135,640,2805,390,4295,2865,285,40,985,105,54360,55442,57365,5741,24526,7880,8153,4185,8748,4448,789,334,43027,16230,10755,6094,64200,51.19,74,146,60,738,298426,4340,1091,0.907894,81.707313,93,0.147624711,10,196.3,12,99,149,0,73,26,11,290,60,72,46,1,15,6,4,151,15
Black Creek,24,21737,22057,-0.015,7671,4600,3290,8525,2425,2870,3475,4405,3065,2375,1340,610,290,150,65,20,30,3590,3155,4270,785,1920,270,1300,1015,65,45,120,40,25989,25601,27575,1613,10554,6282,6790,8902,10311,8763,822,401,23786,4750,3388,1719,12500,62.51,72,2263,204,755,491678,45794,2534,0.876288,86.428573,391,0.51025012,128,222.4,16,1245,489,3,268,207,71,1616,374,625,249,1,58,37,23,853,188
Blake-Jones,69,7727,7763,-0.005,3269,1405,885,3605,940,895,1050,1340,750,575,465,430,340,260,240,150,375,485,780,3255,220,740,100,2190,1380,140,20,550,90,48511,52949,53921,5666,23273,6288,6323,5802,9169,0,851,359,39515,15416,10505,5733,0,86.19,68,195,115,793,941223,2335,74,0.944444,92.857139,108,0.295550892,9,130.1,0,0,16,0,37,29,6,251,18,112,54,0,30,1,2,120,15
Briar Hill-Belgravia,108,14257,14302,-0.003,6080,1855,1655,6740,1925,2100,1975,2520,2320,1735,1230,745,490,305,190,100,160,1095,1970,5540,485,1690,370,2990,2095,260,55,525,60,34768,34642,36740,3032,12881,7250,6871,4607,8970,10761,808,338,30341,7141,5022,2604,0,69.29,67,595,283,760,690949,5932,1593,0.885964,91.489364,306,0.755267148,66,178.1,12,129,280,1,131,86,19,729,81,167,135,0,21,10,9,326,50
Bridle Path-Sunnybrook-York Mills,41,9266,8713,0.063,3478,1435,1425,3090,1525,1785,1280,660,570,415,425,415,395,375,265,240,2270,55,485,3995,55,310,120,3500,1810,275,310,990,120,308010,320819,308154,104514,55725,8834,6772,2833,0,0,726,299,193454,150999,95070,62927,3000,62.36,71,619,195,741,429941,11549,2634,0.921985,86.124404,241,0.716898274,22,250.7,36,947,547,0,201,139,52,914,156,378,172,0,16,14,9,466,35
Broadview North,57,11499,11563,-0.006,5812,1470,1040,5680,1435,1865,1430,1965,1615,1245,1040,655,480,360,255,140,360,725,1410,4940,320,1395,195,3025,1900,210,45,790,80,44557,45571,47698,4268,18905,7444,7428,5316,10058,6600,773,346,37018,11409,7830,4238,0,53.21,79,368,90,719,460811,5289,1600,0.830508,87.209304,109,0.593630152,14,333.6,18,1189,389,0,137,69,42,543,45,223,83,0,37,8,0,321,28
Brookhaven-Amesbury,30,17757,17787,-0.002,6667,3360,2460,7625,2185,2130,2545,3085,2675,2005,1380,770,440,280,120,65,115,2200,2755,4765,795,2030,300,1630,1215,165,20,210,25,32483,32320,32454,8529,13776,7102,6350,6684,10149,7858,804,380,28552,7185,4960,2694,0,56.26,72,170,54,724,459088,1143,1024,0.875,85.542167,92,0.323676887,4,300.8,20,106,177,0,78,41,13,327,22,103,56,0,12,21,2,184,17
Cabbagetown-South St. James Town,71,11669,12053,-0.032,6761,800,1035,5855,1715,2250,1270,1905,1255,1085,995,815,605,510,365,245,930,255,1195,5755,250,1240,250,4020,2285,315,70,1110,230,63012,66162,63274,12999,30480,7509,7256,4182,9239,0,741,315,49123,20130,13384,7644,0,63.88,70,309,120,764,504233,4839,516,0.867256,91.216217,192,0.292452196,13,271,2,84,69,0,49,77,13,331,66,110,54,0,12,15,4,189,19
Caledonia-Fairbank,109,9955,9851,0.011,3935,1490,1220,4570,1350,1325,1390,1565,1535,1205,880,625,400,195,130,55,45,1640,1475,2820,455,1155,180,1030,765,65,20,160,20,35112,34867,37774,2837,12750,7112,6881,4650,9166,8693,762,350,30529,7181,4971,2567,0,34.3,61,1373,53,715,354381,17950,1659,0.782258,70.400001,84,0.686271868,14,234.1,7,124,204,0,98,76,11,566,117,208,73,1,30,8,6,289,59
Casa Loma,96,10968,10487,0.046,5833,1200,1080,4555,1465,2675,1210,1080,1005,895,805,720,580,495,370,255,1910,115,715,5105,120,750,85,4140,2355,225,165,1205,190,165047,170158,146115,74095,39286,8676,8148,3521,8375,0,725,307,115033,65118,40970,27032,0,36.09,58,374,55,695,314721,5799,2590,0.827586,67.346939,80,0.918793036,16,180.3,16,218,424,2,131,58,35,329,98,74,49,0,40,34,2,345,45
Centennial Scarborough,133,13362,13093,0.021,4439,2150,1850,5030,1955,2385,1685,1520,1260,1120,1165,980,820,670,480,290,635,330,1385,5250,275,1610,240,3120,2230,145,40,650,50,54045,53618,53559,5203,29064,7902,7609,4116,10683,3888,829,324,43854,14219,9461,5229,0,53.79,57,152,0,735,412618,2855,798,0.887096,76.5625,89,0.636607684,4,210.9,4,176,149,1,63,37,43,347,186,115,42,0,39,5,6,222,29
Church-Yonge Corridor,75,31340,28349,0.106,21983,1260,5060,18780,3235,3010,4955,4530,3255,3140,3045,2595,2060,1500,1025,590,1695,710,2785,18045,595,3050,625,13765,8180,845,500,3595,665,53583,56673,55168,9404,33813,8016,7005,4766,9143,0,732,296,43039,15650,10806,5845,45890,21.38,62,306,175,661,235143,3856,6408,0.823529,54.787235,82,0.410027147,36,214.8,27,1432,829,2,242,75,90,786,99,263,169,1,65,36,4,572,59
Clairlea-Birchmount,120,26984,24770,0.089,9529,4565,3495,11940,3360,3630,3850,4165,3405,2690,2230,1545,1010,725,410,180,275,1720,3750,9565,710,3305,465,5105,3285,245,130,1315,110,36232,36681,38852,2155,16507,7366,7195,5573,9360,5137,875,354,31369,8178,5649,2950,196977,24.39,61,587,173,678,304262,8323,7263,0.816176,66.871162,177,0.808033611,93,225.9,30,1587,949,3,299,84,117,911,98,362,197,1,120,72,4,734,37
Clanton Park,33,16472,14612,0.127,6881,2765,1910,7470,1935,2375,1995,2380,2130,1755,1155,955,680,540,380,230,835,385,1835,7145,420,1860,370,4495,3020,305,155,885,135,51181,51666,50564,12237,20219,7444,8017,4689,8983,5933,843,337,41837,13400,9113,5132,399478,37.16,59,985,238,692,400486,20150,5618,0.831615,76.190475,235,0.852075706,88,227.1,36,527,1060,5,402,187,126,1262,365,441,233,3,77,50,8,981,128
Cliffcrest,123,15935,15703,0.015,6094,2575,2145,6070,2445,2695,2180,2455,1910,1435,1265,970,660,545,390,210,510,715,2285,5475,365,1945,240,2925,1955,175,50,655,80,44718,45200,45539,6613,24144,7707,7754,4827,9835,3966,840,346,36364,13088,8819,4898,23870,37.66,60,2643,156,698,359372,42885,4720,0.810218,74.725273,167,0.887333748,67,186.5,43,511,727,2,282,150,56,1007,143,798,186,2,99,49,16,776,122
Corso Italia-Davenport,92,14133,13743,0.028,5903,1910,1545,6930,1740,2015,1890,2245,2110,1480,1180,935,675,400,295,140,320,1680,1870,5085,550,1415,200,2905,1875,145,10,715,155,41717,41553,44480,5538,13773,7208,7571,4115,8771,9921,746,328,35165,10298,7093,3779,0,35.4,60,48,26,692,493442,550,1924,0.822916,68.06723,56,0.19744749,2,210.3,9,1435,349,0,86,43,25,380,83,181,92,1,41,14,5,233,18
Danforth,66,9666,9444,0.024,4108,1675,920,4370,1195,1515,1135,1555,1085,720,640,525,495,435,355,220,530,475,970,4090,150,880,125,2935,1825,200,20,790,105,55225,57258,60085,5529,16603,7207,8236,3766,8068,7061,824,330,43924,17224,11529,6504,0,50.72,66,47,90,721,540741,737,919,0.879999,75.833335,82,0.167833165,4,192.9,5,175,160,0,37,29,9,303,72,85,29,0,19,10,0,117,13
Danforth East York,59,17180,16712,0.028,7275,3020,1450,7930,2135,2655,1875,2455,1875,1440,1390,1105,900,840,600,320,760,815,1855,7315,380,1915,290,4735,2985,280,55,1195,220,51846,52864,56057,5183,18673,7035,8564,3966,8320,7272,822,340,42455,13521,9081,4968,16300,43.07,62,466,54,687,352428,4825,3420,0.831168,66.315788,113,0.405956959,45,218.3,36,589,603,3,143,58,33,457,31,178,86,0,32,52,6,371,47
Don Valley Village,47,27051,26739,0.012,10196,4065,3280,11860,3145,4700,4965,4310,3215,2550,2030,1380,1035,730,475,300,555,825,2490,11690,540,2645,750,7765,4720,430,285,1990,355,37379,38136,38701,6566,22622,6979,7739,5615,10284,0,834,345,31875,9494,6737,3512,59894,49.53,72,1468,82,729,421045,24685,1502,0.868613,78.709678,246,0.236609421,46,212.3,6,798,292,1,181,67,60,812,174,286,128,0,81,11,14,551,137
Dorset Park,126,25003,24363,0.026,8995,4250,3155,10485,3330,3780,3725,4300,3510,2860,1945,1085,670,395,230,110,115,1940,3565,8330,725,2830,535,4240,2985,200,60,905,95,31692,32086,34113,2308,16009,6231,6897,6529,10333,5065,877,360,28052,6448,4534,2317,18000,56.01,70,175,105,730,577889,3495,2733,0.783783,69.607841,379,0.20662549,8,230.5,9,1688,379,2,147,82,17,669,69,246,140,0,79,19,5,376,27
Dovercourt-Wallace Emerson-Junction,93,36625,34631,0.058,16248,4480,3925,19790,3935,4515,4860,6695,5355,3895,3055,2285,1605,1190,705,365,745,3395,5015,15060,975,3880,520,9680,6275,540,95,2410,380,39740,40368,42687,3777,13764,6800,6977,4802,9128,9625,762,332,33777,9535,6676,3489,0,69.53,63,357,130,740,605585,5011,734,0.916666,80.882354,126,0.097684055,48,183.6,6,549,256,1,121,60,15,353,95,148,97,1,30,12,10,291,42
Downsview-Roding-CFB,26,35052,34659,0.011,14244,5725,4340,15045,4380,5535,4595,6060,5680,4245,2955,1735,1060,610,340,165,260,3965,5390,9965,1365,4090,695,3835,2805,335,100,520,50,34168,33183,36227,3639,11984,7503,7035,5834,9412,9221,842,359,29774,7204,5062,2632,2800,58.41,61,244,105,745,568877,3370,1018,0.81081,90.625,165,1.311810051,41,161.7,6,385,232,2,56,58,9,675,89,167,108,0,9,8,5,170,25
Dufferin Grove,83,11785,11449,0.029,5815,1285,1065,6680,1235,1515,1540,2105,1700,1425,1030,780,580,315,240,140,275,1025,1405,5425,290,1350,190,3605,2320,205,55,875,140,40588,40697,42507,5021,14578,6221,7126,4523,8896,8346,753,323,34403,9464,6601,3484,4000,46.57,61,83,45,730,372380,3027,2906,0.586206,69.230766,159,0.958620906,5,187.5,15,530,1077,0,128,98,23,659,18,169,71,0,27,14,7,323,26
East End-Danforth,62,21381,20839,0.026,9535,3735,2210,9990,2805,2650,2695,2980,2135,1675,1510,1295,1035,980,685,425,1090,995,2265,9375,480,2565,330,5980,3825,395,75,1485,195,54324,57351,58664,7144,21778,7374,8109,4310,8854,0,812,340,43567,16115,10783,6019,22705,56.07,69,483,98,737,557468,9091,2124,0.788461,81.818183,210,0.16749045,55,154.1,1,261,670,0,140,127,19,631,48,147,108,0,45,17,8,392,36
Edenbridge-Humber Valley,9,15535,14943,0.04,6606,2120,1805,5940,2385,3290,1815,1800,1710,1490,1315,985,665,585,410,275,1535,445,1730,6115,380,1495,235,4020,2435,335,140,990,115,101551,104515,94418,41239,30817,8228,7263,4076,9097,4881,721,332,72156,39507,25291,16238,0,67.04,78,363,248,766,541247,7110,515,0.90625,90.625,179,0.145828928,31,180.2,1,527,176,2,85,23,18,345,13,87,73,0,19,9,4,168,10
Eglinton East,138,22776,22829,-0.002,8199,4180,3130,9180,2825,3505,3350,3990,3300,2565,1710,940,505,260,165,60,100,1825,3260,6815,755,2600,415,3040,2075,220,65,625,40,30033,29752,31208,2526,16316,6711,7330,6981,10350,2335,888,380,26865,5886,4148,2121,12000,76.15,77,488,75,758,646460,12254,468,0.931034,95.555557,156,0.983552249,37,147.4,3,0,169,0,70,46,13,432,114,159,97,0,10,19,4,186,24
Elms-Old Rexdale,5,9456,9550,-0.01,3344,1805,1440,3700,1255,1275,1475,1555,1330,1030,730,445,270,160,95,45,50,775,1670,2480,345,1075,135,930,665,70,15,160,15,32012,31309,33188,3017,14089,7332,6726,8060,9350,9108,887,381,28355,6666,4729,2404,28000,81.55,73,676,60,776,1191040,8187,484,0.818181,78.846153,211,0.091683395,50,114.9,5,236,141,2,71,219,4,895,162,323,192,1,16,4,18,375,42
Englemount-Lawrence,32,22372,22086,0.013,8858,4805,3030,8385,2430,3725,2740,3280,2910,2045,1545,935,675,465,295,235,970,765,2225,7760,555,1890,585,4715,3090,355,190,955,140,48134,48846,44910,19050,19952,7275,6707,7692,9562,6131,807,374,39911,13461,9316,5309,0,77.43,60,591,124,774,1363202,13023,606,0.782608,90.909088,206,0.541326375,34,147.1,3,0,133,0,63,112,5,502,200,249,108,0,12,10,7,235,26
Eringate-Centennial-West Deane,11,18588,18810,-0.012,6977,2635,2405,6910,2855,3765,2305,2470,2185,1895,1760,1450,1025,795,515,275,555,685,2210,6870,475,2165,320,3910,2635,255,70,845,100,47002,45288,46587,5857,22654,8297,7266,4526,9507,11383,804,335,39203,11074,7558,4015,6500,83.04,58,58,0,788,1849084,11756,37,0.833333,87.5,85,1.732820954,8,108,0,0,24,0,16,50,2,305,32,290,92,0,11,10,4,104,11
Etobicoke West Mall,13,11848,10927,0.084,4727,1695,1460,5025,1600,2060,1610,1780,1585,1295,1045,765,490,325,175,85,135,780,1520,4315,390,1375,270,2280,1485,190,30,505,70,38255,37892,39198,3480,20113,7523,6807,5523,10918,9280,817,351,32942,8345,5809,2995,0,73.19,67,834,255,776,613647,25614,1030,0.878787,91.228073,305,1.279334149,65,156.1,13,304,279,1,97,88,21,908,149,299,131,0,10,17,23,279,23
Flemingdon Park,44,21933,22168,-0.011,7964,4385,3060,9185,2335,2980,3675,4210,3055,2055,1320,795,465,265,165,75,135,1710,2810,7010,465,2130,410,4025,2610,215,130,950,110,28654,29445,30763,2946,16097,6089,7144,8026,11205,2587,881,371,25608,6366,4518,2323,9000,40.39,71,431,134,730,365107,7035,2593,0.804878,78.260871,156,0.682855326,9,240.2,15,891,459,0,107,48,14,392,59,154,62,2,17,6,9,221,18
Forest Hill North,102,12806,12474,0.027,5784,2060,1500,5390,1725,2135,1550,1610,1480,1120,930,725,535,410,270,205,1375,250,1115,5740,280,1000,340,4120,2295,355,275,990,210,85099,87721,74708,41604,28634,8159,8278,4087,9062,0,747,336,62714,31718,20488,12862,235152,35.81,63,185,203,721,204104,5088,4348,0.8125,75,89,0.763803897,8,199.4,16,717,1141,3,159,54,35,640,113,225,90,0,40,23,30,354,13
Forest Hill South,101,10732,10926,-0.018,5353,1365,1355,4235,1530,2260,1130,945,970,880,780,680,550,420,320,245,2080,110,755,4935,75,660,180,4015,2170,250,270,1175,160,204521,207463,164751,102730,47658,9164,6881,2934,5873,0,710,307,142627,76424,49228,31961,0,53.79,63,209,441,731,553698,2802,3664,0.856115,77.832511,331,0.852834331,32,196.8,63,786,712,1,177,106,34,895,233,254,151,0,51,10,4,423,41
Glenfield-Jane Heights,25,30491,31390,-0.029,10423,5790,4520,11590,3605,5005,4460,6005,4785,3415,2140,1070,535,260,120,50,65,4655,4485,5955,1010,2845,405,1710,1270,130,10,300,10,27984,26516,29386,2423,10923,6874,6384,8136,9460,10359,856,391,25395,5148,3692,1867,0,65.72,66,124,90,767,463859,1162,791,0.882352,82.53968,301,0.155828919,11,132,9,0,205,0,44,23,13,296,68,86,39,0,25,9,3,127,10
Greenwood-Coxwell,65,14417,14083,0.024,6443,2460,1305,7240,1765,1640,1875,2340,1585,1215,1015,900,720,625,440,245,515,950,1705,6355,310,1690,175,4180,2740,265,35,1025,105,46206,49276,51648,4623,16126,5985,7901,4790,9822,4881,812,346,38307,12604,8531,4671,15200,60.52,79,373,229,756,478489,5640,2137,0.795698,77.192985,307,0.2393423,58,146.1,16,156,572,1,174,123,34,636,96,177,102,0,40,18,10,449,50
Guildwood,140,9917,9816,0.01,4044,1295,1065,3370,1555,2635,1085,1160,1085,985,965,705,600,505,315,195,435,305,1090,3510,235,1095,130,2055,1330,235,10,415,75,53203,50717,51960,5835,28126,8521,7625,3886,8329,0,807,329,43848,12746,8659,4642,25000,65.84,68,424,180,775,484743,11806,694,0.904761,87.719299,356,0.386535486,19,126.9,0,1028,252,0,50,63,9,395,108,139,52,0,16,13,6,184,27
Henry Farm,53,15723,11333,0.387,6646,2505,2330,8045,1390,1460,3205,2300,1720,1390,1165,855,655,400,225,135,275,460,1390,7575,325,1465,400,5385,3295,285,115,1585,110,36359,39224,40242,4445,22484,6732,7093,6233,12476,0,839,331,30931,9848,7104,3645,0,62.37,57,93,180,777,784397,2207,666,0.865384,78.431373,237,0.910849666,10,171.5,2,170,181,0,25,36,4,388,29,128,52,0,5,10,1,96,15
High Park North,88,22162,21292,0.041,11541,2850,1890,11660,2585,3180,2680,2790,2295,2160,1905,1600,1275,1000,765,420,1395,505,1830,11830,400,2270,350,8805,5225,520,150,2425,475,57465,58411,58349,8149,26138,7946,8138,3426,7897,3673,767,317,45893,16030,10719,5954,30649,65.18,64,400,30,757,626626,4357,685,0.933333,84.210525,181,0.180901122,50,173.1,1,300,256,0,114,116,5,822,122,190,79,1,11,10,3,275,15
High Park-Swansea,87,23925,21740,0.101,11526,3540,2125,11570,2870,3800,2470,2435,2355,2100,2035,1695,1420,1090,825,520,2230,440,1865,12090,400,2375,360,8965,5465,580,220,2325,390,71204,71303,70201,13462,27920,8234,7299,3702,9261,0,741,319,54872,21485,14139,8146,20000,69.67,84,849,209,759,540911,16026,1189,0.789473,89.393936,344,0.158443044,64,147.4,3,208,424,0,201,160,18,990,145,504,191,0,36,23,10,485,37
Highland Creek,134,12494,13097,-0.046,3907,1545,1925,4620,2020,2395,1975,2015,1520,1270,1140,790,530,455,295,160,290,640,1605,4365,325,1520,300,2225,1535,145,60,430,40,40972,39890,40718,5276,22298,7658,7339,5065,9142,8578,847,336,34837,9476,6580,3448,0,71.65,71,460,60,768,533089,9377,626,0.916666,75.925926,183,1.121266472,128,117.1,4,122,178,1,42,37,10,481,81,147,96,0,16,3,6,132,18
Hillcrest Village,48,16934,17656,-0.041,6642,2115,2170,6060,2265,4305,3070,3070,1860,1415,1240,995,690,560,440,220,490,385,1265,6680,175,1345,385,4765,2945,280,110,1240,190,40442,41481,41429,9349,25810,6865,6802,4675,7345,0,861,341,34203,10929,7600,4083,12468,51.87,76,717,105,736,372110,18728,1502,0.894736,81.395347,80,0.212016651,77,150.1,8,0,359,0,39,54,14,237,136,97,49,0,10,5,2,134,10
Humber Heights-Westmount,8,10948,10583,0.034,4261,1450,1140,3790,1510,3045,1235,1510,1365,1045,975,670,485,330,250,125,310,445,1280,3545,345,1250,220,1745,1075,170,45,375,65,45615,44047,45831,7349,20844,8024,7230,5353,9783,10480,867,343,38150,11126,7737,4077,8000,48.67,67,346,75,725,538203,4677,2984,0.75,83.582092,219,1.071735422,18,230.3,21,693,516,0,264,43,34,603,47,205,125,0,25,21,7,409,15
Humber Summit,21,12416,12525,-0.009,4288,2155,1720,4855,1315,2380,1845,2375,1950,1385,905,540,290,160,70,50,80,1395,1870,2935,410,1175,140,1200,780,75,20,310,35,30731,28961,32617,3538,12531,7347,6752,7653,10529,8711,935,374,27334,6353,4526,2299,38000,33.09,73,449,21,724,313618,9847,3818,0.875,85.714286,19,0.596240135,18,211.2,11,551,1105,2,130,25,30,609,41,227,87,0,17,8,4,253,39
Humbermede,22,15545,15853,-0.019,5390,2945,2225,6445,1760,2160,2410,2770,2365,1735,1220,615,330,190,85,35,55,1700,2390,4055,545,1660,200,1650,1135,120,60,325,35,29528,29201,31321,2453,11766,6828,7283,7161,10049,7621,885,371,26403,5726,4085,2094,0,85.82,77,313,274,791,1071823,2901,239,0.793103,83.333335,220,0.797010748,10,147.4,5,89,58,0,40,63,5,326,59,150,132,0,32,6,8,178,24
Humewood-Cedarvale,106,14365,14108,0.018,6865,2165,1610,7005,1650,1940,1655,2010,1845,1405,1105,785,600,475,365,210,1220,395,1235,7025,260,1410,330,5020,2885,405,160,1355,220,65274,66750,62707,17835,26816,7604,7600,3784,9216,3278,741,324,49925,22120,14921,8567,79513,53.69,74,129,57,728,518555,1286,1306,0.714285,65.217391,85,0.399753886,10,226.9,9,238,326,1,106,24,20,302,66,102,64,0,9,15,3,186,9
Ionview,125,13641,13091,0.042,5312,2310,1645,6050,1720,1890,2000,2435,2015,1640,1120,645,365,195,80,55,40,1045,2020,4595,400,1660,290,2240,1415,175,50,560,40,31383,31903,33307,2510,15030,7072,6101,6070,9344,2353,822,359,27852,6115,4334,2224,0,65.61,69,134,88,756,581398,1017,569,0.666666,87.5,127,0.293560692,3,233.3,4,78,113,0,55,31,22,306,98,73,64,0,11,3,4,134,8
Islington-City Centre West,14,43965,38084,0.154,19911,5820,4695,20640,5400,7405,5430,6015,4830,4525,4080,3255,2315,1785,1170,660,1940,1565,4835,19650,1145,5110,865,12520,8270,915,255,2820,300,52787,53747,54171,8708,24601,7619,7802,4623,9038,6056,835,330,42550,14633,9906,5438,2600,66.94,77,167,214,763,518568,3715,1049,0.75,88.888885,262,0.070298427,33,220.3,8,287,231,0,82,41,14,378,24,110,93,0,5,4,2,156,8
Junction Area,90,14366,14027,0.024,6431,2190,1465,7470,1750,1500,1785,1975,1650,1345,1305,995,760,630,375,220,525,685,1650,6740,355,1655,225,4505,2870,305,20,1155,150,49709,50540,51329,5465,19870,7144,7747,3610,9451,8641,760,318,40679,13085,8781,4972,0,59.08,73,56,95,748,440700,558,582,0.833333,69.230766,122,0.098423722,1,260.5,5,201,134,1,60,12,4,216,23,66,53,0,10,6,2,101,7
Keelesdale-Eglinton West,110,11058,10638,0.039,4575,1610,1430,4790,1435,1785,1535,2055,1780,1200,885,610,360,235,105,50,55,2085,1685,2465,330,1005,150,975,725,100,20,115,15,33316,33497,36304,3673,11925,6736,6848,5708,8412,11304,819,357,29133,7275,5085,2628,119039,33.21,77,157,60,721,254151,1399,2635,0.743589,75,81,0.198037905,9,272.2,11,353,919,1,187,51,28,523,18,212,89,1,28,19,7,343,22
Kennedy Park,124,17123,17058,0.004,6885,2775,2175,7120,2510,2550,2580,3400,2490,1845,1405,750,470,285,145,35,75,1370,2680,5510,585,2060,395,2480,1630,150,45,600,55,30974,31760,33653,2236,15892,6554,7140,6544,9214,4070,838,363,27439,6620,4656,2404,32880,65.82,85,516,330,741,535867,3636,1901,0.82258,80,284,0.126726419,46,330.7,14,1000,599,1,252,102,46,866,66,277,146,0,39,15,4,468,10
Kensington-Chinatown,78,17945,18495,-0.03,9745,1315,3350,8760,1795,2705,3730,4105,2235,1555,1215,815,605,470,320,190,480,1330,2030,6965,320,1395,235,5025,2995,235,190,1250,355,37422,41165,42026,8336,18243,5405,6413,6493,9028,6947,757,322,31282,12354,8877,4736,0,82.62,88,531,167,764,751945,5694,672,0.861111,86.486488,323,0.614909147,24,221.2,17,193,143,0,114,119,12,369,23,165,162,0,11,14,7,292,15
Kingsview Village-The Westway,6,22000,21723,0.013,8159,4240,3020,8635,2550,3585,3280,3610,2880,2220,1720,1160,675,480,270,140,325,1720,3175,6230,635,2270,370,2950,1990,220,95,590,50,36674,36340,37193,5895,21601,7815,7331,7960,11477,7604,944,375,31447,9341,6484,3440,37500,68.11,85,146,214,749,521549,1896,906,0.695652,67.741935,214,0.104449371,11,323.1,7,841,242,2,139,47,23,445,30,125,95,1,13,11,1,239,4
Kingsway South,15,9271,9170,0.011,3710,1580,1100,3245,1345,1995,945,670,635,605,580,555,475,450,355,270,1755,50,455,4100,75,635,65,3330,1980,220,70,915,140,144642,145108,141819,33859,40836,8892,9323,2407,0,0,545,304,97836,57874,36696,23112,5700,52.13,88,315,94,738,490920,2342,1762,0.695652,64,249,0.087044064,23,308.8,7,919,385,2,183,96,30,461,40,148,98,0,42,18,2,392,21
Lambton Baby Point,114,7985,7921,0.008,3217,1695,905,3310,1050,1025,945,930,700,580,515,400,345,315,280,145,785,260,640,3455,180,695,90,2490,1375,195,55,715,135,76629,80422,77782,20200,28233,7924,9271,5089,9130,0,768,380,57429,27841,18021,10926,23810,67.56,86,414,152,755,585093,2786,626,0.793103,85.714286,140,0.001837121,53,276,2,715,153,1,121,49,34,491,59,119,72,1,29,12,3,262,13
L'Amoreaux,117,43993,44919,-0.021,15486,6120,5730,17210,5930,8990,7720,8935,6100,4205,3140,1935,1200,850,520,295,450,3760,5655,13790,805,4715,780,7510,5240,510,140,1445,185,31826,31844,33729,3809,20068,6494,7133,6166,9737,4281,887,352,27944,7380,5270,2720,75239,76.16,90,301,162,757,842668,2243,288,0.5,85.714286,78,0.059229148,37,206.1,2,192,103,2,62,33,17,363,47,104,45,0,18,9,4,146,3
Lansing-Westgate,38,16164,14642,0.104,6943,2420,2105,7590,1910,2160,2485,1975,1535,1300,1170,935,775,660,485,330,1365,255,1255,7960,190,1335,310,6100,3555,450,240,1655,205,72371,75738,69048,25306,30480,7977,8542,3796,8614,0,881,313,54879,25233,16812,10053,0,81.21,90,327,233,767,818592,4033,503,0.899999,70,151,0.32216634,31,274.5,4,163,161,0,227,79,27,624,46,129,75,0,40,19,0,402,10
Lawrence Park North,105,14607,14541,0.005,5622,3280,1670,5980,1725,1935,1485,1165,885,785,740,740,680,680,605,445,2520,120,665,6895,130,820,195,5760,3390,325,195,1585,265,111730,113540,116617,15647,35666,8427,9059,2657,7042,0,764,301,79100,42008,26958,16523,112653,58.07,89,133,30,739,571246,1789,1021,0.692307,53.333332,119,0.017038934,12,288,4,658,204,2,108,46,25,213,3,93,43,0,16,12,1,221,13
Lawrence Park South,103,15179,15070,0.007,6017,2845,2095,5870,2115,2235,1715,1225,975,890,825,725,685,575,550,400,3135,130,685,7250,120,785,220,6130,3345,340,310,1870,260,169203,173535,160251,49089,44390,8594,7971,2590,6645,0,644,299,111586,73244,47166,29871,326371,59.94,91,1197,224,746,537087,12378,2695,0.657142,65.116279,388,2.776069153,36,282.8,7,1313,836,2,276,182,89,895,199,367,231,1,47,21,9,660,35
Leaside-Bennington,56,16828,17011,-0.011,6712,3285,2175,6455,2340,2550,1870,1350,1155,1010,1040,870,790,725,605,440,2855,205,990,7575,155,1180,200,6060,3600,370,190,1610,305,125564,128031,129429,21732,35789,8766,9002,2724,6107,0,629,308,85496,51704,33285,20499,69600,74.42,91,290,0,744,537025,2513,986,1,76.92308,102,0.246257383,18,394.1,11,1434,358,1,84,76,39,668,66,369,100,0,32,10,0,253,12
Little Portugal,84,15559,12050,0.291,8095,1400,1605,9385,1325,1855,1820,2425,2180,1795,1545,1130,850,570,340,185,505,1145,1950,7505,325,1685,220,5260,3575,200,65,1275,160,45737,46868,47866,6269,13591,6822,7243,4761,9735,4555,758,318,37924,11364,7854,4150,37377,29.81,88,143,30,701,484444,1931,2491,0.785714,63.636363,25,0.014814295,1,391,4,2591,650,1,116,36,55,413,51,212,130,1,18,13,1,259,19
Long Branch,19,10084,9632,0.047,5145,1335,1130,4705,1520,1405,1235,1530,1335,1080,965,645,485,395,250,140,350,620,1445,4150,325,1450,170,2205,1445,145,45,490,70,47384,48261,48818,6802,19551,7843,7857,4433,10003,6784,834,327,39000,12408,8324,4583,526251.92,50.11,95,841,110,709,457524,12051,3510,0.5,40,70,0.098698665,19,614.6,14,3133,1573,6,371,116,302,1824,111,805,215,0,64,36,5,921,27
Malvern,132,43794,45086,-0.029,13936,7910,6620,17865,5535,5890,7225,7990,5935,4770,3535,1975,995,580,265,115,130,3490,6825,13115,1310,5260,695,5835,4310,300,145,1005,80,29573,29653,31240,1373,15002,5964,6810,7242,9797,2594,912,366,26505,5754,4099,2074,85839,47.55,93,243,55,705,489366,6705,2681,0.692307,64.285713,14,0.025782697,74,324,35,1715,1127,0,123,97,38,692,36,366,152,0,28,9,16,326,15
Maple Leaf,29,10111,10197,-0.008,3696,1500,1265,4110,1205,2030,1280,1595,1665,1240,840,455,325,210,120,75,145,880,1515,2980,340,1030,250,1365,1130,70,10,145,0,37108,35451,38895,5030,12494,8076,6946,5388,8711,10196,886,349,31957,7924,5596,2881,1115668,67.92,98,2443,45,736,410703,54044,3090,0.555555,64.285713,144,0.061520785,89,354.6,19,3653,1022,2,535,143,99,2631,181,1110,257,1,124,60,13,1006,31
Markland Wood,12,10554,10436,0.011,4348,1340,1165,3600,1735,2705,1210,1285,1180,1045,970,790,600,470,380,190,660,235,1005,4085,215,1220,130,2525,1720,235,20,460,75,62378,60682,58304,13559,28728,8399,6221,3346,9486,5800,869,334,48586,18745,12205,7194,2893324,77.07,99,4324,30,755,457787,185891,678,0.875,92.307693,114,0.144315022,187,262.7,6,521,271,2,554,129,108,2027,189,1203,179,0,124,47,29,1017,26
Milliken,130,26572,27167,-0.022,7825,3675,3195,10565,4030,5115,4940,6165,3560,2315,1615,1010,630,390,250,115,200,3675,4475,6385,395,2160,410,3420,2715,175,80,430,50,28085,27441,29634,3236,18780,5546,6801,6825,9124,0,900,353,25109,5984,4299,2231,2395897,80.99,92,2899,130,748,416759,88058,2864,0.846153,61.11111,187,2.567218437,40,203,15,3990,672,6,892,139,148,2115,382,1107,272,1,94,41,17,1393,61
Mimico (includes Humber Bay Shores),17,33964,26541,0.28,20486,3505,3010,17695,4620,5160,3990,4780,3825,3460,3160,2600,2150,1590,1065,620,1715,1600,4065,16195,1030,4830,650,9690,6365,735,180,2185,235,54438,56160,55527,9920,25796,7721,7293,4187,8738,5427,810,323,43971,14596,9753,5440,1054403.08,50.7,97,1883,247,728,477989,37205,2523,0.73913,61.538459,87,0.066166444,82,218.7,5,2597,781,3,369,166,197,1568,134,494,146,1,68,25,14,869,29
Morningside,135,17455,17587,-0.008,6044,2880,2690,6840,2355,2695,2860,2950,2340,1830,1380,855,485,325,185,100,135,1160,2380,5600,475,2330,300,2490,1705,205,105,425,40,32291,31918,32952,2616,21337,7318,7228,6963,9968,2875,814,362,28497,6764,4751,2451,208030,75.07,97,483,15,748,773920,10967,259,1,66.666664,46,0.005829924,59,256.7,1,359,140,1,131,53,54,544,78,296,72,0,30,21,1,296,6
Moss Park,73,20506,16306,0.258,12513,1540,2060,12530,2495,1900,2730,3440,1935,1540,1450,1250,1130,945,600,390,1190,1025,2225,10180,405,2085,335,7375,4650,450,145,1870,265,58915,66614,65762,9866,31408,6663,6854,7847,8804,0,793,326,45877,20904,14109,7989,166598,72.19,95,521,159,742,781568,3262,665,0.785714,75,130,0.03884142,57,209.5,1,262,170,1,123,57,25,395,67,149,99,0,18,18,4,261,16
Mount Dennis,115,13593,13145,0.034,5386,2395,1815,5930,1760,1685,1935,2420,1905,1585,1130,630,310,180,95,40,45,1610,2160,3820,505,1630,295,1390,870,185,0,295,20,30827,30737,31865,2113,16723,7022,7262,6886,9213,8612,819,379,27461,6036,4231,2190,104565,60.09,94,715,332,742,723909,5380,1415,0.717948,72.222221,157,0.17939058,34,192.5,1,42,261,1,165,67,62,757,83,234,135,1,23,19,2,361,22
Mount Olive-Silverstone-Jamestown,2,32954,32788,0.005,10220,7090,5240,13615,3475,3560,5510,6065,4660,3430,2100,1045,525,285,135,50,60,4205,4875,7945,895,2905,395,3745,2500,185,105,900,50,26548,26840,28126,2088,13879,6126,7080,8295,10975,5414,874,386,24122,5064,3635,1810,486176,72.54,84,591,65,747,398281,15621,1246,0.85,63.636363,115,0.361737869,15,258.8,10,2052,334,0,241,46,64,598,103,401,124,0,16,25,8,417,17
Mount Pleasant East,99,16775,15982,0.05,7715,2980,1705,7620,2020,2455,1755,1580,1420,1250,1150,1000,810,810,665,495,2240,170,1100,8375,195,1340,210,6630,3895,425,170,1870,260,85340,86374,84248,16527,30531,8108,9501,2998,8622,0,773,317,63862,28071,18151,10895,24065,66.79,90,375,80,721,502736,4072,1303,0.744186,71.428573,108,0.078001154,8,191.8,4,41,291,0,146,75,41,323,43,119,81,0,42,19,10,348,15
Mount Pleasant West,104,29658,28593,0.037,18495,2380,2520,17100,3030,4605,3705,3740,3100,3060,3115,2360,1970,1435,915,540,1665,580,2545,17015,475,3215,625,12715,7840,755,265,3440,425,57039,59031,57252,10500,30177,7869,6924,3989,8344,0,772,313,45441,15915,10758,5939,52210,60.04,88,344,55,727,514960,2597,983,0.592592,64.38356,106,0.016534602,18,272.9,6,386,239,0,137,77,37,444,27,129,70,0,16,12,7,296,10
New Toronto,18,11463,10900,0.052,5657,1610,1390,5215,1580,1525,1560,2050,1440,1110,970,655,455,395,245,165,270,710,1475,4580,340,1620,215,2405,1705,200,20,425,55,44101,46242,47334,5417,15962,7243,6689,5236,9264,4200,816,352,37209,11311,7685,4174,196602,33.1,83,564,70,695,500054,7617,4473,0.8,70.129867,61,0.45833344,14,424.9,21,1545,1194,2,333,64,140,1056,158,491,168,1,42,16,9,634,29
Newtonbrook East,50,16097,16423,-0.02,6470,1585,2185,6860,2155,3320,3380,2775,1705,1260,1040,830,660,440,355,195,560,380,1270,7295,265,1275,355,5390,3400,310,250,1185,240,45212,49146,46259,17177,26943,6618,7008,4464,8771,0,887,325,36139,16333,11095,6552,40000,64.95,91,540,150,741,581425,2885,2268,0.705882,77.272727,177,0.039249551,61,281,6,501,409,1,192,75,74,782,77,264,134,0,18,13,4,386,10
Newtonbrook West,36,23831,23052,0.034,9416,2810,3325,10410,3110,4165,4600,4560,3395,2285,1625,1000,685,520,320,200,480,700,2920,9880,615,2255,650,6360,4020,570,215,1255,295,34904,36172,36155,9512,18677,6806,7710,4930,9934,0,902,337,29760,9290,6556,3537,53400,77.14,79,448,229,770,622206,6594,1680,0.914893,87.719299,252,1.832356973,87,187.7,2,473,227,0,103,59,19,522,59,251,113,0,17,6,2,232,26
Niagara,82,31180,21274,0.466,19660,2055,2415,23320,1885,1510,2840,3200,2735,2935,3530,3330,2765,2110,1445,865,2180,665,2650,21305,615,4380,555,15755,10800,820,255,3565,330,70623,72546,71623,8224,22903,6761,7473,3986,9020,0,706,299,54803,19543,13010,7290,41800,80.58,84,254,241,759,609689,2577,1054,0.9375,76.666664,174,0.058883025,27,192.5,7,661,369,3,125,106,29,744,53,225,101,0,26,8,1,309,14
North Riverdale,68,11916,12191,-0.023,5306,1960,1170,5490,1645,1660,1375,1415,1085,890,810,695,555,545,445,280,1335,315,1025,5645,130,1015,145,4365,2560,300,100,1180,225,73253,74277,73304,12709,28591,7951,8935,3185,7639,0,733,314,56122,23490,15428,9060,8670,85.85,81,334,220,777,666204,2421,251,0.962962,91.176467,175,0.012453777,24,224.1,1,6,46,1,69,42,8,311,20,83,75,0,17,3,5,165,21
North St. James Town,74,18615,17832,0.044,10109,2290,2265,10350,1970,1740,3065,3910,2660,2020,1440,755,580,340,185,105,255,1060,2385,8790,490,2150,540,5610,3510,390,110,1425,180,32648,35085,35246,4351,16947,6147,7324,7494,9337,2200,813,344,28541,7603,5392,2760,12000,64.27,83,631,30,733,532997,6528,1155,0.839999,76.25,178,0.09520802,9,257.1,11,59,343,2,143,57,40,501,83,199,111,0,15,14,3,304,32
Oakridge,121,13845,13497,0.026,5586,2865,1680,6050,1595,1655,2325,2900,1830,1165,725,455,305,150,80,40,40,1105,1980,4540,350,1325,220,2640,1425,175,60,920,70,26793,27869,29081,2170,14854,6377,6870,9063,10099,0,912,391,24247,5842,4309,2113,84270,40.47,75,178,84,698,382119,1214,1754,0.744,67.073173,97,0.036219298,6,236.7,6,695,332,0,125,44,58,353,22,128,64,0,17,26,7,300,23
Oakwood Village,107,21210,21073,0.007,9235,3130,2275,9535,2590,3700,2735,3810,3075,2240,1670,1090,810,575,395,230,455,1735,2635,7680,565,2200,440,4470,2870,265,80,1085,195,39803,39954,42629,4567,13206,6999,7524,5034,8684,12515,783,352,33777,9904,6866,3659,0,54.03,79,420,105,708,502819,2111,1294,0.837837,64.11483,173,0.126546218,52,174.2,5,93,263,1,127,50,21,458,66,102,81,0,31,15,2,264,18
O'Connor-Parkview,54,18675,18316,0.02,7713,3110,2385,7855,2650,2690,2605,2850,2425,1795,1420,1010,695,605,345,245,540,1200,2525,6690,580,2305,340,3460,2365,245,45,755,50,43907,45703,46274,6737,20172,7846,7735,5324,10395,3210,820,354,36221,12446,8419,4674,97970,57.09,88,890,179,719,512789,5077,3563,0.709821,66.666664,380,0.236699059,27,216.4,16,1375,955,0,275,162,127,1145,99,403,228,1,53,55,8,743,62
Old East York,58,9233,9118,0.013,3960,1470,915,4035,1280,1520,1090,1275,1090,825,760,610,460,400,325,180,425,525,1105,3740,250,1155,220,2115,1445,165,10,440,45,53315,53889,56216,5649,23150,7862,8654,4020,9000,4592,886,342,43038,14990,10111,5486,24000,65.46,86,379,84,745,656868,5143,911,0.809523,67.391304,162,0.064319715,35,207.6,4,1154,331,1,91,58,15,507,56,140,96,0,23,13,5,220,15
Palmerston-Little Italy,80,13826,13746,0.006,6862,1280,1465,7845,1260,1960,1715,2310,1975,1490,1285,920,720,485,335,225,760,475,1555,7020,205,1295,190,5340,3220,260,65,1455,335,58071,59372,54358,25245,17508,7134,7139,3451,8207,4291,671,307,46199,17466,11956,6748,553355,78.6,94,2328,201,755,993491,25719,1150,0.733333,68.75,235,0.11249685,198,231,6,779,464,2,272,155,33,1526,161,777,257,1,38,46,20,604,39
Parkwoods-Donalda,45,34805,34617,0.005,13921,5840,4680,14780,4265,5250,5090,5145,4280,3435,2795,2040,1395,985,615,350,985,1420,4200,13390,875,3940,840,7750,5060,590,210,1710,180,42516,43478,43071,7846,24127,7512,7808,5890,9114,2774,855,354,35409,11375,7795,4225,28600,82.31,80,258,142,771,1083381,3283,189,0.833333,100,80,0.173001423,77,166.5,4,101,87,1,33,41,3,444,55,236,81,0,4,2,4,91,4
Pelmo Park-Humberlea,23,10722,8710,0.231,3860,1745,1370,4645,1390,1590,1335,1550,1460,1210,1000,715,505,350,180,85,120,1005,1610,3400,460,1340,220,1375,1025,125,10,190,20,39003,37677,41217,3073,14285,7830,6704,4559,10150,11264,848,347,33581,8088,5637,2908,6500,80.99,84,468,20,771,995616,7858,283,0.666666,50,74,0.02470925,56,142,4,0,74,0,27,62,0,312,28,175,67,0,3,5,6,111,8
Playter Estates-Danforth,67,7804,7653,0.02,3767,1150,735,3725,970,1220,835,1075,805,645,565,495,325,350,250,175,770,150,655,3845,95,765,95,2890,1650,170,45,855,160,70831,73398,70908,15057,23307,7492,7347,2795,8422,0,810,312,54115,23207,15372,9011,38672,83.78,84,683,162,777,1265389,19160,499,0.666666,62.5,170,0.793670753,40,133.7,9,573,186,0,85,82,9,972,130,578,222,0,20,12,9,237,20
Pleasant View,46,15818,16144,-0.02,5703,2050,2080,6470,2020,3195,2805,2685,2120,1520,1335,800,625,440,285,165,245,630,1670,6150,330,1575,390,3870,2535,220,130,815,150,36346,36018,38509,4170,18257,7484,6728,5020,8243,8332,792,328,31338,8518,6105,3122,3500,86.04,88,463,82,777,815247,4741,288,0.923076,90,213,0.087790047,47,170.3,5,333,101,1,51,52,9,405,52,150,99,0,6,5,5,135,7
Princess-Rosethorn,10,11051,11197,-0.013,3958,1770,1580,3825,1855,2025,1340,1065,905,745,755,740,575,525,395,310,1485,240,855,4545,145,875,195,3330,2005,275,145,800,100,99055,99270,90343,28408,35571,8333,7438,3067,7379,0,818,318,71025,36827,24010,14436,78748,88.11,89,690,45,759,975449,11746,189,0.714285,50,130,0.127074744,62,160.6,4,149,76,0,69,60,43,307,34,147,115,0,33,9,1,229,14
Regent Park,72,10803,10007,0.08,5183,1635,1775,5575,1100,730,1950,2285,1325,885,635,495,345,235,135,90,205,1080,1405,4070,180,1000,170,2730,1765,170,50,665,85,34597,38904,38576,5988,17011,4621,7388,8792,9684,0,975,374,29525,10958,7571,4057,0,86.24,76,175,30,775,1585984,1945,134,0,50,92,0.120135194,25,150.5,3,233,55,0,19,58,0,252,22,199,83,0,4,1,7,92,3
Rexdale-Kipling,4,10529,10488,0.004,3989,1640,1355,4300,1520,1730,1460,1795,1490,1120,930,580,375,250,125,60,75,850,1680,3235,405,1325,195,1305,960,100,20,205,25,34418,33752,35988,2347,15549,7255,7187,5928,9088,8874,841,354,30201,6949,4943,2502,0,74.94,77,144,110,749,957688,897,633,1,80,91,0.108893972,12,152.1,10,325,185,0,48,57,4,488,61,165,105,0,22,14,4,155,6
Rockcliffe-Smythe,111,22246,22267,-0.001,9487,3505,2740,9255,3090,3655,3130,4075,3250,2515,1895,1235,770,460,245,105,125,2925,3410,6020,1020,2405,345,2245,1610,160,40,360,50,34059,33560,36149,2510,16222,6897,7045,6574,8989,11407,809,363,29764,7361,5133,2654,0,90.12,72,167,140,784,1215390,1634,240,0.777777,100,176,0.193230593,7,128.4,1,113,80,0,30,109,8,214,32,228,149,0,9,5,4,191,26
Roncesvalles,86,14974,15050,-0.005,7305,2300,1305,7990,1690,1680,1800,2525,1735,1320,1120,835,705,590,435,265,800,860,1765,7000,300,1540,260,4895,3040,230,50,1345,230,50580,53842,54542,7275,17678,6546,7703,4283,9963,0,746,330,40926,15018,10135,5578,0,76.39,95,1129,255,753,520032,13311,1343,0.842105,82.14286,99,0.047800447,135,191.6,11,1443,449,0,164,93,24,957,54,376,142,0,35,19,2,355,18
Rosedale-Moore Park,98,20923,20631,0.014,10702,2625,2185,7925,3030,5140,2330,1690,1570,1385,1470,1270,1155,920,740,565,4215,200,1160,9530,180,1125,335,7890,4240,620,265,2445,320,207903,214620,197930,69779,47811,8884,9238,2675,7060,0,775,297,134865,91781,58397,37818,0,92.05,78,381,212,790,980831,3624,166,0.857142,96.428573,245,0.040585045,54,175.7,0,110,54,1,33,56,2,290,28,104,138,0,13,4,6,141,27
Rouge,131,46496,45912,0.013,13730,7960,6700,18510,6690,6625,6705,7105,5345,4710,4070,2730,1820,1310,865,485,775,3010,6770,15330,1040,6010,885,7395,5395,490,150,1285,75,39556,40357,41075,3546,21008,6755,7446,5282,10193,5693,853,349,33736,9396,6480,3429,0,73.94,80,139,108,747,800442,1345,698,0.899999,84.848487,124,0.223360898,10,157.8,8,445,247,0,72,26,18,273,6,119,94,0,4,5,4,139,10
Runnymede-Bloor West Village,89,10070,9632,0.045,3987,2050,960,4605,1215,1245,1040,935,840,740,705,645,545,530,430,295,990,155,795,4865,140,945,100,3685,2170,175,50,1065,220,71888,72340,73644,8813,26401,8066,9723,2777,8275,8208,774,306,55942,20849,13677,7861,50000,57.33,82,255,168,713,482040,1573,2412,0.813008,72.330093,194,0.049076804,9,229,9,966,578,1,165,56,37,622,40,141,117,0,18,14,1,307,16
Rustic,28,9941,9951,-0.001,3726,1940,1405,3615,1115,1865,1300,1880,1510,995,705,370,215,160,85,35,85,955,1520,2250,385,1090,130,635,460,75,20,75,0,31800,29977,32836,6118,11071,7387,7364,8194,9357,10978,897,409,28118,7077,5127,2581,31400,57.81,81,477,25,719,373937,3446,1432,0.865979,71.830986,101,0.079464109,30,182.2,9,328,309,1,115,36,33,539,46,133,106,1,25,17,3,259,29
Scarborough Village,139,16724,16609,0.007,6133,3365,2360,6685,2095,2225,2660,3045,2115,1510,1155,660,415,210,145,85,210,1380,2330,4950,460,1760,355,2375,1435,155,85,615,90,32913,33948,34067,5567,21921,7006,6472,7718,10492,7886,861,386,28634,8581,5981,3173,9000,44.65,69,92,75,700,400532,944,1153,0.804878,65.243904,104,0.029773559,1,233.8,4,16,164,0,94,28,16,250,15,45,28,0,6,17,1,170,8
South Parkdale,85,21849,21251,0.028,12085,2115,2275,12440,2475,2540,2985,4515,3330,2570,1745,1110,650,430,250,140,320,1895,3040,9330,800,3085,340,5110,3615,275,80,1040,105,35207,37101,37823,4661,11962,6436,6940,5634,10193,2235,707,337,30293,8368,5783,3049,0,40.14,69,266,25,707,373029,1644,1653,0.752475,67.53247,88,0.135732361,13,209.5,4,349,251,0,125,58,24,340,32,89,58,0,39,15,1,283,21
South Riverdale,70,27876,25642,0.087,12732,3975,2445,15025,3120,3330,3505,4365,2775,2210,1940,1660,1440,1270,940,630,1700,2135,3170,12550,455,3100,395,8610,5715,415,105,2070,305,53803,57628,59354,5950,18769,6337,7961,4697,9219,0,803,335,43297,15949,10682,5945,0,33.86,61,314,110,710,353967,3345,3422,0.821839,68.446601,252,0.552890991,12,262.5,17,1252,564,2,182,68,50,795,62,195,112,0,31,29,5,404,39
St.Andrew-Windfields,40,17812,17958,-0.008,6685,2645,2540,6800,2625,3235,2710,2000,1500,1220,1195,985,760,655,500,425,2260,310,1420,7600,175,1320,375,5730,3010,405,520,1550,260,100516,105406,97657,33752,36400,8295,8469,4360,7940,0,888,339,70885,43206,28162,17472,5000,26.54,62,128,22,677,440179,4140,1478,0.925,59.322032,41,0.207527138,7,297.7,10,537,293,2,116,26,38,347,46,147,47,1,19,12,4,222,6
Steeles,116,24623,25017,-0.016,8032,3150,2685,9500,3515,5755,4635,5380,3185,2190,1555,1105,690,525,315,190,295,2595,3285,7080,335,1965,445,4315,3165,220,75,785,90,31786,31373,33880,5382,19042,6157,7077,6011,8203,0,880,350,27889,7689,5446,2876,46910,35.99,73,536,157,679,280187,4578,4149,0.797619,61.654136,94,0.240153499,49,322.2,32,1048,814,0,278,45,89,683,47,336,138,1,66,35,8,554,32
Stonegate-Queensway,16,25051,24691,0.015,10896,4060,2495,10660,3660,4165,2855,2960,2660,2325,2005,1630,1190,1065,825,560,2030,855,2490,10925,560,2915,435,7010,4390,595,130,1640,240,64140,64083,64645,11103,25594,8294,8388,3719,9815,7733,870,330,49002,20635,13597,7934,0,66.36,70,66,19,749,806452,438,1049,0.759999,85.29412,80,0.440985674,7,183.5,0,644,94,1,28,20,8,207,9,59,49,2,12,2,1,81,8
Tam O'Shanter-Sullivan,118,27446,27398,0.002,10384,3885,3225,10675,3510,6160,4435,5265,3740,2730,1985,1335,865,600,380,210,370,1635,3410,9135,550,2590,530,5495,3810,260,110,1195,115,34200,33861,36529,4325,17961,6591,7296,6085,8925,995,881,349,29756,7820,5577,2881,0,26.39,59,184,109,680,273418,2198,2937,0.78125,63.809524,92,0.672325001,6,232.3,21,864,545,0,135,53,48,445,53,220,61,1,33,16,2,302,14
Taylor-Massey,61,15683,15594,0.006,6452,2950,1690,7580,1750,1705,2555,2840,2170,1485,1100,660,425,240,145,75,70,930,1955,6425,385,1635,275,4125,2160,210,80,1550,135,30430,31326,32458,3318,16835,6766,7091,7460,9954,2946,901,369,27064,6486,4650,2369,35000,51.66,61,237,105,778,440688,5835,1549,0.840425,91.025642,692,0.450219119,9,143.8,0,0,428,2,51,82,5,330,48,95,45,0,26,7,4,205,30
The Beaches,63,21567,21130,0.021,9926,3825,2075,9590,3140,2955,2315,2010,1750,1530,1485,1345,1190,1010,890,595,2830,420,1895,10300,345,2125,240,7595,4680,525,180,1930,280,92580,93901,90228,19331,32359,8182,8884,3048,7733,0,831,317,67490,32490,20811,12734,8000,50.78,65,443,126,758,355438,4734,3848,0.829015,85.074623,745,0.598731588,88,163.4,12,1552,867,1,116,112,35,944,116,307,118,1,67,8,7,367,21
Thistletown-Beaumond Heights,3,10360,10138,0.022,3472,1730,1410,4160,1195,1880,1560,1765,1480,1150,765,490,285,195,105,60,90,930,1380,3050,345,1135,235,1335,940,80,10,280,25,32815,32444,34385,3020,17314,7596,8137,6753,8617,7481,812,363,28842,7040,5019,2575,0,55.14,64,343,192,756,411143,3882,1973,0.88764,80.357139,371,0.348352702,59,158.8,10,985,589,4,112,81,27,711,111,276,97,0,37,18,5,292,12
Thorncliffe Park,55,21108,19225,0.098,7225,5600,2455,9020,1665,2365,3235,3775,2570,1470,1075,645,460,295,155,75,140,1575,2405,6670,275,1625,390,4380,2640,205,205,1255,70,28875,30853,31231,6004,20856,6672,7842,9818,11869,0,1085,396,25675,7449,5198,2735,51800,49.47,67,945,140,735,422689,16717,3014,0.860655,87.431694,396,0.47116816,64,196.6,37,578,593,2,307,132,60,1073,192,271,165,0,49,23,8,620,41
Trinity-Bellwoods,81,16556,16802,-0.015,7562,1745,1630,9210,1625,2350,2240,2945,2305,1545,1380,970,705,540,410,245,865,1280,2130,7240,315,1525,195,5210,3110,335,125,1370,275,50694,51731,53805,7952,17750,7398,7100,4368,8760,7362,743,323,40658,15441,10611,5863,48393,48.34,69,831,84,741,387912,15391,2688,0.868421,86.861312,289,0.418068747,12,281.3,9,273,570,3,285,116,38,1190,102,296,156,2,44,24,8,583,66
University,79,7607,7782,-0.022,3826,565,1485,3590,650,1320,1230,1135,860,635,485,385,305,220,200,105,450,155,485,3330,100,435,95,2705,1420,145,45,785,320,50757,52904,49661,11686,26958,7836,7507,2383,7971,0,682,296,40931,16019,11231,6081,30400,28.57,71,201,54,704,347446,1768,2967,0.73913,69.014083,79,0.25345683,7,288.1,9,1464,869,4,169,91,55,498,50,188,97,0,30,13,4,376,14
Victoria Village,43,17510,17182,0.019,7562,2630,2030,7170,2270,3405,2580,3115,2320,1840,1445,895,560,395,230,145,250,1105,2240,6105,435,2295,290,3085,2105,225,65,620,65,35786,36328,38096,4542,18797,6825,6841,6081,9858,8345,847,358,30769,8688,6044,3181,64400,60.28,71,345,110,747,522905,3228,1789,0.797468,95.652175,347,0.616075255,23,318.1,16,870,283,2,208,105,26,771,70,276,132,0,39,4,9,411,20
Waterfront Communities-The Island,77,65913,43361,0.52,47209,3650,7840,45105,4680,4635,7830,6735,5700,6120,6880,6565,5650,4385,2950,1970,5815,815,4920,43855,850,6135,1200,35675,22565,2065,760,9335,950,70600,73320,72028,10334,28481,7423,7454,4363,7970,0,758,297,54292,20930,14233,7884,0,55.95,54,200,70,748,542218,2132,1342,0.901098,84.848487,238,1.432132979,8,258.9,10,497,289,1,131,44,30,478,40,161,125,0,59,14,4,289,7
West Hill,136,27392,26547,0.032,10318,4635,3950,10765,3785,4240,4170,4930,3580,2810,2210,1360,790,530,320,120,220,2195,3930,8450,910,3560,435,3530,2435,250,90,700,45,33323,33719,35383,3032,17762,7004,7332,7103,9355,8957,847,380,29221,7554,5260,2728,9000,42.38,62,261,82,729,293600,1824,2583,0.853448,81.060607,200,0.119007268,17,256.9,14,1661,540,0,225,78,48,805,97,280,105,0,59,20,8,461,23
West Humber-Clairville,1,33312,34100,-0.023,11045,5060,5445,13845,3990,4980,5445,5710,4650,3870,2890,1585,925,565,310,130,180,2550,4805,10335,985,3720,620,5005,3300,325,160,1135,60,31771,31489,33340,2636,14722,6778,6496,6141,9367,7630,825,348,28066,6429,4561,2317,70000,35.73,70,148,45,712,330109,1003,1675,0.788732,73.626373,129,0.13033001,15,232.9,12,332,393,0,81,32,17,402,27,84,45,1,14,17,0,173,11
Westminster-Branson,35,26274,25446,0.033,10454,3440,3355,10865,3500,5130,4220,5500,4010,2775,1910,1095,680,460,275,155,350,890,2845,10610,610,2935,710,6350,4040,795,210,1170,155,32724,32863,33115,6938,16201,5959,7574,5691,10112,2367,892,355,28613,7438,5227,2770,0,45.12,68,969,52,727,279189,12722,2803,0.824999,78.448272,232,0.173972028,31,196,13,510,515,2,179,88,39,708,131,230,110,0,56,20,7,419,30
Weston,113,17992,18170,-0.01,8061,3100,2225,7785,2430,2445,2580,3260,2460,1950,1485,875,490,340,200,100,135,1905,2775,5515,850,2375,265,1995,1390,180,30,350,50,32997,33745,35270,2528,16761,6720,7020,7198,9826,7718,813,373,28965,7353,5130,2631,7500,47.72,64,853,200,738,329355,17680,2729,0.824999,83.941604,372,0.981964797,84,204.7,19,508,701,1,232,93,51,960,174,264,129,0,65,25,10,546,70
Weston-Pelham Park,91,11098,12010,-0.076,4559,1675,1415,5275,1415,1325,1695,2115,1620,1125,840,615,440,240,150,55,75,1765,1765,3120,365,1205,140,1415,995,75,0,325,20,33528,34289,36779,2438,10346,6486,6291,5888,9051,14243,817,346,29334,7565,5278,2740,8900,53.43,66,1378,135,756,332710,18329,1542,0.818181,87.012985,470,0.2397495,75,156.1,12,172,385,2,141,110,20,558,125,233,66,0,44,24,5,380,36
Wexford/Maryvale,119,27917,27018,0.033,10462,4215,3650,11380,3940,4715,4005,4680,4095,2990,2380,1580,995,600,345,160,250,1820,4200,9385,975,3335,645,4430,3065,285,90,895,85,35047,34642,36566,3330,18034,7483,6749,6150,10312,7952,853,355,30272,7789,5413,2837,0,54.67,66,353,130,765,375307,7449,1930,0.798507,80,775,0.250098151,20,138.7,6,77,531,0,74,105,20,413,89,130,60,0,54,6,4,296,33
Willowdale East,51,50434,45041,0.12,23901,5920,6940,25850,5460,6270,11190,6840,4480,3840,3590,3000,2400,1910,1300,800,2185,745,3780,26730,475,3910,1140,21195,12725,1145,975,5535,800,45326,49377,51669,9798,27432,6848,7913,4441,7996,0,894,313,36740,14631,10281,5557,2000,56.85,65,2090,220,770,387879,16901,1921,0.823008,82.692306,815,0.512021903,137,120,1,247,404,2,79,124,5,425,89,183,43,0,32,3,15,325,67
Willowdale West,37,16936,15004,0.129,8054,1785,2230,7480,2070,3370,3460,2625,1660,1390,1160,945,825,655,505,305,745,290,1395,7820,190,1305,290,6030,3745,285,195,1520,260,44576,47442,49035,9440,24524,7383,8000,3788,7052,4600,824,313,36093,14346,10050,5347,0,48.81,42,877,210,738,426850,14207,2994,0.858433,79.629631,725,14.27145522,25,215.7,23,522,411,2,170,134,33,838,220,296,179,0,62,30,14,534,91
Willowridge-Martingrove-Richview,7,22156,21343,0.038,8721,3555,2625,8140,2905,4905,2720,3200,2940,2355,1990,1435,950,780,495,290,600,1080,2825,7205,615,2265,300,4030,2725,305,55,835,105,44177,42711,44908,6753,21041,8044,6898,5596,9888,6727,859,355,36713,11278,7742,4150,101775,43.89,61,625,81,724,256488,11173,5078,0.807162,73.198196,549,0.690798137,84,205.9,32,927,851,2,319,118,81,979,174,283,161,2,118,37,3,729,51
Woburn,137,53485,53350,0.003,19098,9625,7660,21945,6245,8010,8955,9640,7245,5250,3805,2365,1445,830,525,220,360,4060,7485,16525,1150,5775,860,8740,5880,550,210,1955,155,30878,31509,32810,3124,20190,6605,6844,7143,10026,3827,894,366,27341,6658,4737,2403,0,70.75,54,126,80,774,491024,951,399,0.932203,85.897438,252,0.830824845,5,150.8,1,139,65,1,50,27,2,243,43,52,52,0,9,4,2,107,13
Woodbine Corridor,64,12541,11703,0.072,5620,2325,1035,6165,1625,1380,1320,1715,1245,970,930,805,700,635,495,265,680,625,1255,5820,280,1495,165,3880,2535,235,60,910,145,55199,57832,60207,4620,22003,6627,8392,3933,9129,0,863,346,44594,15236,10297,5643,0,58.77,54,91,110,751,529278,1798,724,0.954198,84.033615,364,0.194054785,8,170.1,2,3,96,0,70,80,11,290,91,99,48,0,19,9,1,207,17
Woodbine-Lumsden,60,7865,7826,0.005,3604,1165,675,3790,1150,1095,885,1200,910,730,680,600,475,380,260,120,230,425,1125,3390,250,1020,105,2025,1310,115,25,485,90,47710,48841,51310,3920,19674,7194,7886,3924,9542,7813,707,335,39565,11987,8049,4331,22000,36.89,53,108,28,711,289646,3566,2534,0.875,81.25,235,1.854249005,32,246.4,13,460,419,4,161,47,24,457,61,216,99,0,51,27,1,330,19
Wychwood,94,14349,13986,0.026,6185,1860,1320,6420,1595,3150,1670,2170,1750,1205,1040,830,580,445,340,205,775,645,1370,5900,285,1345,270,4000,2285,290,55,1135,230,54460,56605,56444,13250,19513,7087,7668,3820,7804,7269,735,327,43054,17156,11560,6635,55370,37.25,66,424,153,706,308229,4500,4974,0.86503,80.213905,338,1.993607468,33,248.9,22,2089,725,3,387,102,87,1145,78,338,142,1,71,52,3,749,46
Yonge-Eglinton,100,11817,10578,0.117,6103,1800,1225,5860,1325,1600,1325,1135,1060,1045,985,800,650,500,390,245,1460,135,680,6360,165,935,195,5070,2875,290,140,1505,250,89330,90726,86328,18420,36438,8261,8143,3023,9894,0,737,308,65356,31634,20794,12435,144255,39.01,66,1073,214,723,316584,16190,6747,0.829999,78.787879,600,1.354011781,93,187.8,26,2660,1306,2,412,128,77,1469,219,504,223,3,107,29,7,808,45
Yonge-St.Clair,97,12528,11652,0.075,7475,1210,920,5960,1540,2905,1275,1185,1125,1170,1140,990,740,610,410,320,1940,140,900,6360,210,975,195,4980,2785,290,130,1600,180,114174,116815,100017,43565,48170,8928,7395,3309,8544,0,729,299,80555,41938,27170,16766,5800,36.28,62,296,143,705,274020,2351,4171,0.833333,72.727272,209,0.233048669,19,214.7,33,865,688,0,239,88,48,720,76,223,111,1,66,17,10,492,23
York University Heights,27,27593,27713,-0.004,11051,4045,4750,12290,2965,3530,5135,5000,4030,3085,2215,1235,725,375,205,110,140,2270,3875,9050,920,2915,610,4625,3135,305,95,935,155,29958,30001,31161,3117,13455,7231,6300,6800,9507,7529,783,347,26651,6140,4420,2227,3200,33.94,70,228,217,699,356096,1851,4133,0.788461,76.190475,115,0.28632843,24,239.2,22,922,683,1,226,93,31,652,35,180,94,1,62,31,3,474,27
Yorkdale-Glen Park,31,14804,14687,0.008,5847,1960,1870,5860,1810,3295,1875,2260,2165,1710,1225,755,470,390,230,125,275,1250,2115,4185,480,1525,260,1930,1240,180,55,385,80,38527,37252,40770,5339,14165,7495,7030,5589,8316,8068,830,348,32904,8842,6119,3244,11500,66.19,59,67,171,774,444309,924,309,0.894736,93.333335,179,0.697039334,7,188.6,3,0,62,0,44,32,9,284,24,48,48,0,14,7,2,113,5
