name,yeartmp,value,lastValue,rank,year,date
overall_ask,2019.1,771475,781450,6,131,November 2019
overall_ask,2019.09,781450,775459,6,130,October 2019
overall_ask,2019.08,775459,739200,6,129,September 2019
overall_ask,2019.07,739200,746725,6,128,August 2019
overall_ask,2019.06,746725,783000,6,127,July 2019
overall_ask,2019.05,783000,782750,6,126,June 2019
overall_ask,2019.04,782750,756975,6,125,May 2019
overall_ask,2019.03,756975,742300,6,124,April 2019
overall_ask,2019.02,742300,769000,6,123,March 2019
overall_ask,2019.01,769000,726725,6,122,February 2019
overall_ask,2019.0,726725,715837,6,121,January 2019
overall_ask,2018.11,715837,748450,5,120,December 2018
overall_ask,2018.1,748450,744697,6,119,November 2018
overall_ask,2018.09,744697,749200,6,118,October 2018
overall_ask,2018.08,749200,700950,6,117,September 2018
overall_ask,2018.07,700950,727100,6,116,August 2018
overall_ask,2018.06,727100,753323,6,115,July 2018
overall_ask,2018.05,753323,743587,6,114,June 2018
overall_ask,2018.04,743587,741700,6,113,May 2018
overall_ask,2018.03,741700,738725,6,112,April 2018
overall_ask,2018.02,738725,733575,6,111,March 2018
overall_ask,2018.01,733575,712850,6,110,February 2018
overall_ask,2018.0,712850,684836,6,109,January 2018
overall_ask,2017.11,684836,693049,5,108,December 2017
overall_ask,2017.1,693049,730800,6,107,November 2017
overall_ask,2017.09,730800,716830,6,106,October 2017
overall_ask,2017.08,716830,680199,6,105,September 2017
overall_ask,2017.07,680199,702062,6,104,August 2017
overall_ask,2017.06,702062,724487,6,103,July 2017
overall_ask,2017.05,724487,722750,6,102,June 2017
overall_ask,2017.04,722750,718062,6,101,May 2017
overall_ask,2017.03,718062,686787,6,100,April 2017
overall_ask,2017.02,686787,681222,6,99,March 2017
overall_ask,2017.01,681222,638448,6,98,February 2017
overall_ask,2017.0,638448,631662,6,97,January 2017
overall_ask,2016.11,631662,649175,6,96,December 2016
overall_ask,2016.1,649175,641712,6,95,November 2016
overall_ask,2016.09,641712,619200,6,94,October 2016
overall_ask,2016.08,619200,588622,6,93,September 2016
overall_ask,2016.07,588622,592975,6,92,August 2016
overall_ask,2016.06,592975,611312,6,91,July 2016
overall_ask,2016.05,611312,611722,6,90,June 2016
overall_ask,2016.04,611722,612575,6,89,May 2016
overall_ask,2016.03,612575,588559,6,88,April 2016
overall_ask,2016.02,588559,599850,6,87,March 2016
overall_ask,2016.01,599850,545837,6,86,February 2016
overall_ask,2016.0,545837,547700,6,85,January 2016
overall_ask,2015.11,547700,567462,5,84,December 2015
overall_ask,2015.1,567462,567173,5,83,November 2015
overall_ask,2015.09,567173,551763,6,82,October 2015
overall_ask,2015.08,551763,529300,6,81,September 2015
overall_ask,2015.07,529300,544175,6,80,August 2015
overall_ask,2015.06,544175,547098,6,79,July 2015
overall_ask,2015.05,547098,559700,6,78,June 2015
overall_ask,2015.04,559700,546353,6,77,May 2015
overall_ask,2015.03,546353,543337,6,76,April 2015
overall_ask,2015.02,543337,529050,6,75,March 2015
overall_ask,2015.01,529050,525237,6,74,February 2015
overall_ask,2015.0,525237,492137,6,73,January 2015
overall_ask,2014.11,492137,515950,5,72,December 2014
overall_ask,2014.1,515950,516962,6,71,November 2014
overall_ask,2014.09,516962,509900,6,70,October 2014
overall_ask,2014.08,509900,484175,6,69,September 2014
overall_ask,2014.07,484175,499112,6,68,August 2014
overall_ask,2014.06,499112,509912,6,67,July 2014
overall_ask,2014.05,509912,508975,6,66,June 2014
overall_ask,2014.04,508975,507425,6,65,May 2014
overall_ask,2014.03,507425,489712,6,64,April 2014
overall_ask,2014.02,489712,519075,6,63,March 2014
overall_ask,2014.01,519075,476100,6,62,February 2014
overall_ask,2014.0,476100,467961,5,61,January 2014
overall_ask,2013.11,467961,482175,6,60,December 2013
overall_ask,2013.1,482175,485200,6,59,November 2013
overall_ask,2013.09,485200,471950,6,58,October 2013
overall_ask,2013.08,471950,446800,6,57,September 2013
overall_ask,2013.07,446800,461337,5,56,August 2013
overall_ask,2013.06,461337,470000,5,55,July 2013
overall_ask,2013.05,470000,476999,6,54,June 2013
overall_ask,2013.04,476999,469950,6,53,May 2013
overall_ask,2013.03,469950,471972,6,52,April 2013
overall_ask,2013.02,471972,465436,6,51,March 2013
overall_ask,2013.01,465436,451936,6,50,February 2013
overall_ask,2013.0,451936,431234,5,49,January 2013
overall_ask,2012.11,431234,449045,5,48,December 2012
overall_ask,2012.1,449045,457737,5,47,November 2012
overall_ask,2012.09,457737,444137,5,46,October 2012
overall_ask,2012.08,444137,425700,6,45,September 2012
overall_ask,2012.07,425700,436700,5,44,August 2012
overall_ask,2012.06,436700,448225,5,43,July 2012
overall_ask,2012.05,448225,464450,6,42,June 2012
overall_ask,2012.04,464450,450725,6,41,May 2012
overall_ask,2012.03,450725,437062,6,40,April 2012
overall_ask,2012.02,437062,448099,6,39,March 2012
overall_ask,2012.01,448099,420950,6,38,February 2012
overall_ask,2012.0,420950,409150,5,37,January 2012
overall_ask,2011.11,409150,436947,5,36,December 2011
overall_ask,2011.1,436947,431350,5,35,November 2011
overall_ask,2011.09,431350,414900,5,34,October 2011
overall_ask,2011.08,414900,406850,6,33,September 2011
overall_ask,2011.07,406850,413687,5,32,August 2011
overall_ask,2011.06,413687,425712,5,31,July 2011
overall_ask,2011.05,425712,433200,6,30,June 2011
overall_ask,2011.04,433200,428662,6,29,May 2011
overall_ask,2011.03,428662,416725,5,28,April 2011
overall_ask,2011.02,416725,416575,5,27,March 2011
overall_ask,2011.01,416575,393450,5,26,February 2011
overall_ask,2011.0,393450,385737,5,25,January 2011
overall_ask,2010.11,385737,403425,5,24,December 2010
overall_ask,2010.1,403425,399000,5,23,November 2010
overall_ask,2010.09,399000,403425,5,22,October 2010
overall_ask,2010.08,403425,372562,5,21,September 2010
overall_ask,2010.07,372562,387662,5,20,August 2010
overall_ask,2010.06,387662,393912,5,19,July 2010
overall_ask,2010.05,393912,402175,5,18,June 2010
overall_ask,2010.04,402175,394450,5,17,May 2010
overall_ask,2010.03,394450,384450,6,16,April 2010
overall_ask,2010.02,384450,388675,6,15,March 2010
overall_ask,2010.01,388675,361675,6,14,February 2010
overall_ask,2010.0,361675,361825,6,13,January 2010
overall_ask,2009.11,361825,378086,6,12,December 2009
overall_ask,2009.1,378086,373200,6,11,November 2009
overall_ask,2009.09,373200,366912,6,10,October 2009
overall_ask,2009.08,366912,348224,6,9,September 2009
overall_ask,2009.07,348224,349922,5,8,August 2009
overall_ask,2009.06,349922,359487,5,7,July 2009
overall_ask,2009.05,359487,354697,5,6,June 2009
overall_ask,2009.04,354697,352425,5,5,May 2009
overall_ask,2009.03,352425,340462,5,4,April 2009
overall_ask,2009.02,340462,342062,5,3,March 2009
overall_ask,2009.01,342062,325837,5,2,February 2009
overall_ask,2009.0,325837,325837,5,1,January 2009
overall_sold,2019.1,800125,811750,5,131,November 2019
overall_sold,2019.09,811750,813475,5,130,October 2019
overall_sold,2019.08,813475,756250,5,129,September 2019
overall_sold,2019.07,756250,761250,5,128,August 2019
overall_sold,2019.06,761250,801562,5,127,July 2019
overall_sold,2019.05,801562,807500,5,126,June 2019
overall_sold,2019.04,807500,784000,5,125,May 2019
overall_sold,2019.03,784000,767562,5,124,April 2019
overall_sold,2019.02,767562,790625,5,123,March 2019
overall_sold,2019.01,790625,735250,5,122,February 2019
overall_sold,2019.0,735250,710187,5,121,January 2019
overall_sold,2018.11,710187,765500,6,120,December 2018
overall_sold,2018.1,765500,772625,5,119,November 2018
overall_sold,2018.09,772625,759625,5,118,October 2018
overall_sold,2018.08,759625,706000,5,117,September 2018
overall_sold,2018.07,706000,729225,5,116,August 2018
overall_sold,2018.06,729225,774925,5,115,July 2018
overall_sold,2018.05,774925,777125,5,114,June 2018
overall_sold,2018.04,777125,784562,5,113,May 2018
overall_sold,2018.03,784562,754200,5,112,April 2018
overall_sold,2018.02,754200,748249,5,111,March 2018
overall_sold,2018.01,748249,717750,5,110,February 2018
overall_sold,2018.0,717750,681611,5,109,January 2018
overall_sold,2017.11,681611,701281,6,108,December 2017
overall_sold,2017.1,701281,740125,5,107,November 2017
overall_sold,2017.09,740125,721500,5,106,October 2017
overall_sold,2017.08,721500,688625,5,105,September 2017
overall_sold,2017.07,688625,704373,5,104,August 2017
overall_sold,2017.06,704373,742562,5,103,July 2017
overall_sold,2017.05,742562,781375,5,102,June 2017
overall_sold,2017.04,781375,839125,5,101,May 2017
overall_sold,2017.03,839125,827325,4,100,April 2017
overall_sold,2017.02,827325,796000,4,99,March 2017
overall_sold,2017.01,796000,705502,4,98,February 2017
overall_sold,2017.0,705502,656750,5,97,January 2017
overall_sold,2016.11,656750,685025,5,96,December 2016
overall_sold,2016.1,685025,680437,5,95,November 2016
overall_sold,2016.09,680437,661225,5,94,October 2016
overall_sold,2016.08,661225,614250,5,93,September 2016
overall_sold,2016.07,614250,624750,5,92,August 2016
overall_sold,2016.06,624750,654375,5,91,July 2016
overall_sold,2016.05,654375,654000,5,90,June 2016
overall_sold,2016.04,654000,648750,5,89,May 2016
overall_sold,2016.03,648750,616750,5,88,April 2016
overall_sold,2016.02,616750,625000,5,87,March 2016
overall_sold,2016.01,625000,555875,5,86,February 2016
overall_sold,2016.0,555875,547000,5,85,January 2016
overall_sold,2015.11,547000,566762,6,84,December 2015
overall_sold,2015.1,566762,576375,6,83,November 2015
overall_sold,2015.09,576375,566562,5,82,October 2015
overall_sold,2015.08,566562,539125,5,81,September 2015
overall_sold,2015.07,539125,546750,5,80,August 2015
overall_sold,2015.06,546750,566787,5,79,July 2015
overall_sold,2015.05,566787,578500,5,78,June 2015
overall_sold,2015.04,578500,567450,5,77,May 2015
overall_sold,2015.03,567450,563625,5,76,April 2015
overall_sold,2015.02,563625,547437,5,75,March 2015
overall_sold,2015.01,547437,528437,5,74,February 2015
overall_sold,2015.0,528437,488575,5,73,January 2015
overall_sold,2014.11,488575,526372,6,72,December 2014
overall_sold,2014.1,526372,529500,5,71,November 2014
overall_sold,2014.09,529500,523750,5,70,October 2014
overall_sold,2014.08,523750,486062,5,69,September 2014
overall_sold,2014.07,486062,501343,5,68,August 2014
overall_sold,2014.06,501343,517875,5,67,July 2014
overall_sold,2014.05,517875,519000,5,66,June 2014
overall_sold,2014.04,519000,519212,5,65,May 2014
overall_sold,2014.03,519212,502400,5,64,April 2014
overall_sold,2014.02,502400,528750,5,63,March 2014
overall_sold,2014.01,528750,472437,5,62,February 2014
overall_sold,2014.0,472437,469375,6,61,January 2014
overall_sold,2013.11,469375,482600,5,60,December 2013
overall_sold,2013.1,482600,486750,5,59,November 2013
overall_sold,2013.09,486750,474225,5,58,October 2013
overall_sold,2013.08,474225,440187,5,57,September 2013
overall_sold,2013.07,440187,461250,6,56,August 2013
overall_sold,2013.06,461250,472018,6,55,July 2013
overall_sold,2013.05,472018,479475,5,54,June 2013
overall_sold,2013.04,479475,473750,5,53,May 2013
overall_sold,2013.03,473750,472812,5,52,April 2013
overall_sold,2013.02,472812,468062,5,51,March 2013
overall_sold,2013.01,468062,448800,5,50,February 2013
overall_sold,2013.0,448800,421875,6,49,January 2013
overall_sold,2012.11,421875,440768,6,48,December 2012
overall_sold,2012.1,440768,454500,6,47,November 2012
overall_sold,2012.09,454500,449862,6,46,October 2012
overall_sold,2012.08,449862,421000,5,45,September 2012
overall_sold,2012.07,421000,430375,6,44,August 2012
overall_sold,2012.06,430375,449963,6,43,July 2012
overall_sold,2012.05,449963,472839,5,42,June 2012
overall_sold,2012.04,472839,464075,5,41,May 2012
overall_sold,2012.03,464075,450750,5,40,April 2012
overall_sold,2012.02,450750,456537,5,39,March 2012
overall_sold,2012.01,456537,419625,5,38,February 2012
overall_sold,2012.0,419625,404750,6,37,January 2012
overall_sold,2011.11,404750,436110,6,36,December 2011
overall_sold,2011.1,436110,430225,6,35,November 2011
overall_sold,2011.09,430225,417875,6,34,October 2011
overall_sold,2011.08,417875,406312,5,33,September 2011
overall_sold,2011.07,406312,409875,6,32,August 2011
overall_sold,2011.06,409875,427625,6,31,July 2011
overall_sold,2011.05,427625,435609,5,30,June 2011
overall_sold,2011.04,435609,428337,5,29,May 2011
overall_sold,2011.03,428337,416237,6,28,April 2011
overall_sold,2011.02,416237,413750,6,27,March 2011
overall_sold,2011.01,413750,388262,6,26,February 2011
overall_sold,2011.0,388262,378500,6,25,January 2011
overall_sold,2010.11,378500,396750,6,24,December 2010
overall_sold,2010.1,396750,394250,6,23,November 2010
overall_sold,2010.09,394250,397625,6,22,October 2010
overall_sold,2010.08,397625,363875,6,21,September 2010
overall_sold,2010.07,363875,377500,6,20,August 2010
overall_sold,2010.06,377500,392437,6,19,July 2010
overall_sold,2010.05,392437,399375,6,18,June 2010
overall_sold,2010.04,399375,396375,6,17,May 2010
overall_sold,2010.03,396375,392375,5,16,April 2010
overall_sold,2010.02,392375,401500,5,15,March 2010
overall_sold,2010.01,401500,366750,5,14,February 2010
overall_sold,2010.0,366750,362835,5,13,January 2010
overall_sold,2009.11,362835,382000,5,12,December 2009
overall_sold,2009.1,382000,375500,5,11,November 2009
overall_sold,2009.09,375500,371250,5,10,October 2009
overall_sold,2009.08,371250,347725,5,9,September 2009
overall_sold,2009.07,347725,347612,6,8,August 2009
overall_sold,2009.06,347612,357572,6,7,July 2009
overall_sold,2009.05,357572,350037,6,6,June 2009
overall_sold,2009.04,350037,344825,6,5,May 2009
overall_sold,2009.03,344825,331336,6,4,April 2009
overall_sold,2009.02,331336,329250,6,3,March 2009
overall_sold,2009.01,329250,314600,6,2,February 2009
overall_sold,2009.0,314600,314600,6,1,January 2009
condos_ask,2019.1,588000,588800,10,131,November 2019
condos_ask,2019.09,588800,569000,10,130,October 2019
condos_ask,2019.08,569000,569000,10,129,September 2019
condos_ask,2019.07,569000,559000,10,128,August 2019
condos_ask,2019.06,559000,569000,10,127,July 2019
condos_ask,2019.05,569000,569000,10,126,June 2019
condos_ask,2019.04,569000,555000,10,125,May 2019
condos_ask,2019.03,555000,544950,10,124,April 2019
condos_ask,2019.02,544950,539000,10,123,March 2019
condos_ask,2019.01,539000,529000,10,122,February 2019
condos_ask,2019.0,529000,530950,10,121,January 2019
condos_ask,2018.11,530950,529000,9,120,December 2018
condos_ask,2018.1,529000,529000,10,119,November 2018
condos_ask,2018.09,529000,539900,10,118,October 2018
condos_ask,2018.08,539900,519000,10,117,September 2018
condos_ask,2018.07,519000,515000,10,116,August 2018
condos_ask,2018.06,515000,525000,10,115,July 2018
condos_ask,2018.05,525000,525000,10,114,June 2018
condos_ask,2018.04,525000,518000,10,113,May 2018
condos_ask,2018.03,518000,508000,10,112,April 2018
condos_ask,2018.02,508000,499900,10,111,March 2018
condos_ask,2018.01,499900,498000,10,110,February 2018
condos_ask,2018.0,498000,475000,10,109,January 2018
condos_ask,2017.11,475000,488000,10,108,December 2017
condos_ask,2017.1,488000,479900,9,107,November 2017
condos_ask,2017.09,479900,496250,10,106,October 2017
condos_ask,2017.08,496250,478400,9,105,September 2017
condos_ask,2017.07,478400,469900,9,104,August 2017
condos_ask,2017.06,469900,458000,10,103,July 2017
condos_ask,2017.05,458000,450000,10,102,June 2017
condos_ask,2017.04,450000,449900,10,101,May 2017
condos_ask,2017.03,449900,439900,10,100,April 2017
condos_ask,2017.02,439900,438000,10,99,March 2017
condos_ask,2017.01,438000,415000,10,98,February 2017
condos_ask,2017.0,415000,409000,10,97,January 2017
condos_ask,2016.11,409000,409900,10,96,December 2016
condos_ask,2016.1,409900,399850,10,95,November 2016
condos_ask,2016.09,399850,399000,10,94,October 2016
condos_ask,2016.08,399000,398000,9,93,September 2016
condos_ask,2016.07,398000,379900,9,92,August 2016
condos_ask,2016.06,379900,388000,9,91,July 2016
condos_ask,2016.05,388000,389990,9,90,June 2016
condos_ask,2016.04,389990,389900,9,89,May 2016
condos_ask,2016.03,389900,369900,9,88,April 2016
condos_ask,2016.02,369900,379900,9,87,March 2016
condos_ask,2016.01,379900,375000,9,86,February 2016
condos_ask,2016.0,375000,357900,9,85,January 2016
condos_ask,2015.11,357900,365000,9,84,December 2015
condos_ask,2015.1,365000,359900,9,83,November 2015
condos_ask,2015.09,359900,359906,9,82,October 2015
condos_ask,2015.08,359906,359250,9,81,September 2015
condos_ask,2015.07,359250,359900,9,80,August 2015
condos_ask,2015.06,359900,360500,9,79,July 2015
condos_ask,2015.05,360500,364900,9,78,June 2015
condos_ask,2015.04,364900,365000,9,77,May 2015
condos_ask,2015.03,365000,359900,9,76,April 2015
condos_ask,2015.02,359900,335250,9,75,March 2015
condos_ask,2015.01,335250,344950,9,74,February 2015
condos_ask,2015.0,344950,349900,9,73,January 2015
condos_ask,2014.11,349900,349000,9,72,December 2014
condos_ask,2014.1,349000,349000,9,71,November 2014
condos_ask,2014.09,349000,349900,9,70,October 2014
condos_ask,2014.08,349900,337900,9,69,September 2014
condos_ask,2014.07,337900,349000,9,68,August 2014
condos_ask,2014.06,349000,356750,9,67,July 2014
condos_ask,2014.05,356750,349000,9,66,June 2014
condos_ask,2014.04,349000,350000,9,65,May 2014
condos_ask,2014.03,350000,344900,9,64,April 2014
condos_ask,2014.02,344900,345500,9,63,March 2014
condos_ask,2014.01,345500,338900,9,62,February 2014
condos_ask,2014.0,338900,329900,7,61,January 2014
condos_ask,2013.11,329900,339900,9,60,December 2013
condos_ask,2013.1,339900,339900,9,59,November 2013
condos_ask,2013.09,339900,339000,9,58,October 2013
condos_ask,2013.08,339000,329900,9,57,September 2013
condos_ask,2013.07,329900,337500,9,56,August 2013
condos_ask,2013.06,337500,338000,9,55,July 2013
condos_ask,2013.05,338000,341000,9,54,June 2013
condos_ask,2013.04,341000,339900,9,53,May 2013
condos_ask,2013.03,339900,339890,8,52,April 2013
condos_ask,2013.02,339890,329000,9,51,March 2013
condos_ask,2013.01,329000,329748,9,50,February 2013
condos_ask,2013.0,329748,324990,9,49,January 2013
condos_ask,2012.11,324990,324900,7,48,December 2012
condos_ask,2012.1,324900,335000,9,47,November 2012
condos_ask,2012.09,335000,337700,9,46,October 2012
condos_ask,2012.08,337700,329000,8,45,September 2012
condos_ask,2012.07,329000,329000,9,44,August 2012
condos_ask,2012.06,329000,339000,8,43,July 2012
condos_ask,2012.05,339000,339900,9,42,June 2012
condos_ask,2012.04,339900,335000,9,41,May 2012
condos_ask,2012.03,335000,329900,7,40,April 2012
condos_ask,2012.02,329900,334000,8,39,March 2012
condos_ask,2012.01,334000,319000,9,38,February 2012
condos_ask,2012.0,319000,328800,9,37,January 2012
condos_ask,2011.11,328800,329800,7,36,December 2011
condos_ask,2011.1,329800,338400,7,35,November 2011
condos_ask,2011.09,338400,329900,7,34,October 2011
condos_ask,2011.08,329900,329900,9,33,September 2011
condos_ask,2011.07,329900,334900,7,32,August 2011
condos_ask,2011.06,334900,329900,7,31,July 2011
condos_ask,2011.05,329900,328400,8,30,June 2011
condos_ask,2011.04,328400,329900,9,29,May 2011
condos_ask,2011.03,329900,319900,7,28,April 2011
condos_ask,2011.02,319900,325000,10,27,March 2011
condos_ask,2011.01,325000,315000,7,26,February 2011
condos_ask,2011.0,315000,315000,9,25,January 2011
condos_ask,2010.11,315000,314900,7,24,December 2010
condos_ask,2010.1,314900,318000,8,23,November 2010
condos_ask,2010.09,318000,314900,7,22,October 2010
condos_ask,2010.08,314900,304900,7,21,September 2010
condos_ask,2010.07,304900,309900,7,20,August 2010
condos_ask,2010.06,309900,309900,7,19,July 2010
condos_ask,2010.05,309900,314900,9,18,June 2010
condos_ask,2010.04,314900,299900,7,17,May 2010
condos_ask,2010.03,299900,299900,10,16,April 2010
condos_ask,2010.02,299900,299900,9,15,March 2010
condos_ask,2010.01,299900,289900,10,14,February 2010
condos_ask,2010.0,289900,299000,10,13,January 2010
condos_ask,2009.11,299000,295000,8,12,December 2009
condos_ask,2009.1,295000,294900,8,11,November 2009
condos_ask,2009.09,294900,287950,8,10,October 2009
condos_ask,2009.08,287950,279000,10,9,September 2009
condos_ask,2009.07,279000,283888,9,8,August 2009
condos_ask,2009.06,283888,279000,7,7,July 2009
condos_ask,2009.05,279000,269990,9,6,June 2009
condos_ask,2009.04,269990,269900,8,5,May 2009
condos_ask,2009.03,269900,265000,8,4,April 2009
condos_ask,2009.02,265000,259900,9,3,March 2009
condos_ask,2009.01,259900,259000,9,2,February 2009
condos_ask,2009.0,259000,259000,7,1,January 2009
condos_sold,2019.1,590500,590000,9,131,November 2019
condos_sold,2019.09,590000,574900,9,130,October 2019
condos_sold,2019.08,574900,570000,9,129,September 2019
condos_sold,2019.07,570000,565000,9,128,August 2019
condos_sold,2019.06,565000,570000,9,127,July 2019
condos_sold,2019.05,570000,570000,9,126,June 2019
condos_sold,2019.04,570000,565000,9,125,May 2019
condos_sold,2019.03,565000,547750,9,124,April 2019
condos_sold,2019.02,547750,543500,9,123,March 2019
condos_sold,2019.01,543500,531000,9,122,February 2019
condos_sold,2019.0,531000,526500,9,121,January 2019
condos_sold,2018.11,526500,530000,10,120,December 2018
condos_sold,2018.1,530000,536000,9,119,November 2018
condos_sold,2018.09,536000,545000,9,118,October 2018
condos_sold,2018.08,545000,520000,9,117,September 2018
condos_sold,2018.07,520000,524900,9,116,August 2018
condos_sold,2018.06,524900,535000,9,115,July 2018
condos_sold,2018.05,535000,535000,9,114,June 2018
condos_sold,2018.04,535000,530000,9,113,May 2018
condos_sold,2018.03,530000,516800,9,112,April 2018
condos_sold,2018.02,516800,510000,9,111,March 2018
condos_sold,2018.01,510000,498000,9,110,February 2018
condos_sold,2018.0,498000,478000,9,109,January 2018
condos_sold,2017.11,478000,485000,9,108,December 2017
condos_sold,2017.1,485000,485000,10,107,November 2017
condos_sold,2017.09,485000,490000,9,106,October 2017
condos_sold,2017.08,490000,473250,10,105,September 2017
condos_sold,2017.07,473250,469995,10,104,August 2017
condos_sold,2017.06,469995,472750,9,103,July 2017
condos_sold,2017.05,472750,483000,9,102,June 2017
condos_sold,2017.04,483000,501000,9,101,May 2017
condos_sold,2017.03,501000,488800,9,100,April 2017
condos_sold,2017.02,488800,453000,9,99,March 2017
condos_sold,2017.01,453000,425000,9,98,February 2017
condos_sold,2017.0,425000,410000,9,97,January 2017
condos_sold,2016.11,410000,412000,9,96,December 2016
condos_sold,2016.1,412000,401750,9,95,November 2016
condos_sold,2016.09,401750,396900,9,94,October 2016
condos_sold,2016.08,396900,390000,10,93,September 2016
condos_sold,2016.07,390000,378000,10,92,August 2016
condos_sold,2016.06,378000,385000,10,91,July 2016
condos_sold,2016.05,385000,388000,10,90,June 2016
condos_sold,2016.04,388000,385000,10,89,May 2016
condos_sold,2016.03,385000,366000,10,88,April 2016
condos_sold,2016.02,366000,377000,10,87,March 2016
condos_sold,2016.01,377000,368000,10,86,February 2016
condos_sold,2016.0,368000,348000,10,85,January 2016
condos_sold,2015.11,348000,357000,10,84,December 2015
condos_sold,2015.1,357000,355000,10,83,November 2015
condos_sold,2015.09,355000,355750,10,82,October 2015
condos_sold,2015.08,355750,353000,10,81,September 2015
condos_sold,2015.07,353000,353000,10,80,August 2015
condos_sold,2015.06,353000,356500,10,79,July 2015
condos_sold,2015.05,356500,357000,10,78,June 2015
condos_sold,2015.04,357000,360000,10,77,May 2015
condos_sold,2015.03,360000,355000,10,76,April 2015
condos_sold,2015.02,355000,330000,10,75,March 2015
condos_sold,2015.01,330000,337500,10,74,February 2015
condos_sold,2015.0,337500,341500,10,73,January 2015
condos_sold,2014.11,341500,339490,10,72,December 2014
condos_sold,2014.1,339490,343000,10,71,November 2014
condos_sold,2014.09,343000,340000,10,70,October 2014
condos_sold,2014.08,340000,330000,10,69,September 2014
condos_sold,2014.07,330000,340500,10,68,August 2014
condos_sold,2014.06,340500,349500,10,67,July 2014
condos_sold,2014.05,349500,340000,10,66,June 2014
condos_sold,2014.04,340000,347900,10,65,May 2014
condos_sold,2014.03,347900,338100,10,64,April 2014
condos_sold,2014.02,338100,339000,10,63,March 2014
condos_sold,2014.01,339000,330750,10,62,February 2014
condos_sold,2014.0,330750,325000,8,61,January 2014
condos_sold,2013.11,325000,330500,10,60,December 2013
condos_sold,2013.1,330500,332500,10,59,November 2013
condos_sold,2013.09,332500,331000,10,58,October 2013
condos_sold,2013.08,331000,321900,10,57,September 2013
condos_sold,2013.07,321900,327000,10,56,August 2013
condos_sold,2013.06,327000,330000,10,55,July 2013
condos_sold,2013.05,330000,336000,10,54,June 2013
condos_sold,2013.04,336000,335000,10,53,May 2013
condos_sold,2013.03,335000,330500,10,52,April 2013
condos_sold,2013.02,330500,320250,10,51,March 2013
condos_sold,2013.01,320250,323250,10,50,February 2013
condos_sold,2013.0,323250,315000,10,49,January 2013
condos_sold,2012.11,315000,316125,9,48,December 2012
condos_sold,2012.1,316125,325500,10,47,November 2012
condos_sold,2012.09,325500,328000,10,46,October 2012
condos_sold,2012.08,328000,321000,10,45,September 2012
condos_sold,2012.07,321000,322500,10,44,August 2012
condos_sold,2012.06,322500,332800,10,43,July 2012
condos_sold,2012.05,332800,335759,10,42,June 2012
condos_sold,2012.04,335759,333000,10,41,May 2012
condos_sold,2012.03,333000,329000,8,40,April 2012
condos_sold,2012.02,329000,328000,9,39,March 2012
condos_sold,2012.01,328000,314000,10,38,February 2012
condos_sold,2012.0,314000,320000,10,37,January 2012
condos_sold,2011.11,320000,324500,10,36,December 2011
condos_sold,2011.1,324500,331500,8,35,November 2011
condos_sold,2011.09,331500,327000,9,34,October 2011
condos_sold,2011.08,327000,323250,10,33,September 2011
condos_sold,2011.07,323250,328000,8,32,August 2011
condos_sold,2011.06,328000,328000,8,31,July 2011
condos_sold,2011.05,328000,324950,10,30,June 2011
condos_sold,2011.04,324950,326000,10,29,May 2011
condos_sold,2011.03,326000,320000,9,28,April 2011
condos_sold,2011.02,320000,322000,9,27,March 2011
condos_sold,2011.01,322000,308000,9,26,February 2011
condos_sold,2011.0,308000,310000,10,25,January 2011
condos_sold,2010.11,310000,308000,8,24,December 2010
condos_sold,2010.1,308000,309000,10,23,November 2010
condos_sold,2010.09,309000,306500,8,22,October 2010
condos_sold,2010.08,306500,297000,9,21,September 2010
condos_sold,2010.07,297000,305000,8,20,August 2010
condos_sold,2010.06,305000,304000,9,19,July 2010
condos_sold,2010.05,304000,310000,10,18,June 2010
condos_sold,2010.04,310000,303000,10,17,May 2010
condos_sold,2010.03,303000,307500,9,16,April 2010
condos_sold,2010.02,307500,309000,7,15,March 2010
condos_sold,2010.01,309000,292500,9,14,February 2010
condos_sold,2010.0,292500,299000,7,13,January 2010
condos_sold,2009.11,299000,296250,7,12,December 2009
condos_sold,2009.1,296250,296000,7,11,November 2009
condos_sold,2009.09,296000,289000,7,10,October 2009
condos_sold,2009.08,289000,278000,9,9,September 2009
condos_sold,2009.07,278000,282950,10,8,August 2009
condos_sold,2009.06,282950,275000,8,7,July 2009
condos_sold,2009.05,275000,266500,10,6,June 2009
condos_sold,2009.04,266500,264800,9,5,May 2009
condos_sold,2009.03,264800,257000,10,4,April 2009
condos_sold,2009.02,257000,250000,10,3,March 2009
condos_sold,2009.01,250000,249900,10,2,February 2009
condos_sold,2009.0,249900,249900,8,1,January 2009
condoTown_ask,2019.1,599000,639000,7,131,November 2019
condoTown_ask,2019.09,639000,633950,8,130,October 2019
condoTown_ask,2019.08,633950,598000,8,129,September 2019
condoTown_ask,2019.07,598000,599900,8,128,August 2019
condoTown_ask,2019.06,599900,615000,8,127,July 2019
condoTown_ask,2019.05,615000,629000,8,126,June 2019
condoTown_ask,2019.04,629000,599000,8,125,May 2019
condoTown_ask,2019.03,599000,589450,8,124,April 2019
condoTown_ask,2019.02,589450,599000,8,123,March 2019
condoTown_ask,2019.01,599000,599000,8,122,February 2019
condoTown_ask,2019.0,599000,603500,7,121,January 2019
condoTown_ask,2018.11,603500,575000,7,120,December 2018
condoTown_ask,2018.1,575000,599900,8,119,November 2018
condoTown_ask,2018.09,599900,597000,8,118,October 2018
condoTown_ask,2018.08,597000,560000,7,117,September 2018
condoTown_ask,2018.07,560000,599000,8,116,August 2018
condoTown_ask,2018.06,599000,599900,7,115,July 2018
condoTown_ask,2018.05,599900,599450,8,114,June 2018
condoTown_ask,2018.04,599450,599000,7,113,May 2018
condoTown_ask,2018.03,599000,589000,8,112,April 2018
condoTown_ask,2018.02,589000,589500,8,111,March 2018
condoTown_ask,2018.01,589500,529950,7,110,February 2018
condoTown_ask,2018.0,529950,524395,8,109,January 2018
condoTown_ask,2017.11,524395,534400,7,108,December 2017
condoTown_ask,2017.1,534400,595400,8,107,November 2017
condoTown_ask,2017.09,595400,541073,7,106,October 2017
condoTown_ask,2017.08,541073,542500,8,105,September 2017
condoTown_ask,2017.07,542500,554450,7,104,August 2017
condoTown_ask,2017.06,554450,549950,8,103,July 2017
condoTown_ask,2017.05,549950,567500,8,102,June 2017
condoTown_ask,2017.04,567500,544450,8,101,May 2017
condoTown_ask,2017.03,544450,509450,8,100,April 2017
condoTown_ask,2017.02,509450,499000,8,99,March 2017
condoTown_ask,2017.01,499000,488844,8,98,February 2017
condoTown_ask,2017.0,488844,498900,8,97,January 2017
condoTown_ask,2016.11,498900,499000,8,96,December 2016
condoTown_ask,2016.1,499000,499000,8,95,November 2016
condoTown_ask,2016.09,499000,479900,8,94,October 2016
condoTown_ask,2016.08,479900,478500,8,93,September 2016
condoTown_ask,2016.07,478500,459000,8,92,August 2016
condoTown_ask,2016.06,459000,477450,8,91,July 2016
condoTown_ask,2016.05,477450,469000,8,90,June 2016
condoTown_ask,2016.04,469000,462400,8,89,May 2016
condoTown_ask,2016.03,462400,456450,8,88,April 2016
condoTown_ask,2016.02,456450,449000,8,87,March 2016
condoTown_ask,2016.01,449000,429450,8,86,February 2016
condoTown_ask,2016.0,429450,414900,7,85,January 2016
condoTown_ask,2015.11,414900,429950,7,84,December 2015
condoTown_ask,2015.1,429950,432400,8,83,November 2015
condoTown_ask,2015.09,432400,418000,8,82,October 2015
condoTown_ask,2015.08,418000,427950,8,81,September 2015
condoTown_ask,2015.07,427950,438800,8,80,August 2015
condoTown_ask,2015.06,438800,408944,8,79,July 2015
condoTown_ask,2015.05,408944,425000,8,78,June 2015
condoTown_ask,2015.04,425000,429000,8,77,May 2015
condoTown_ask,2015.03,429000,405000,8,76,April 2015
condoTown_ask,2015.02,405000,388000,8,75,March 2015
condoTown_ask,2015.01,388000,394999,8,74,February 2015
condoTown_ask,2015.0,394999,368750,8,73,January 2015
condoTown_ask,2014.11,368750,415900,7,72,December 2014
condoTown_ask,2014.1,415900,398900,8,71,November 2014
condoTown_ask,2014.09,398900,389900,7,70,October 2014
condoTown_ask,2014.08,389900,389900,7,69,September 2014
condoTown_ask,2014.07,389900,389450,7,68,August 2014
condoTown_ask,2014.06,389450,385000,7,67,July 2014
condoTown_ask,2014.05,385000,388000,8,66,June 2014
condoTown_ask,2014.04,388000,389900,8,65,May 2014
condoTown_ask,2014.03,389900,359950,7,64,April 2014
condoTown_ask,2014.02,359950,395000,8,63,March 2014
condoTown_ask,2014.01,395000,330000,8,62,February 2014
condoTown_ask,2014.0,330000,358000,9,61,January 2014
condoTown_ask,2013.11,358000,369000,8,60,December 2013
condoTown_ask,2013.1,369000,389000,7,59,November 2013
condoTown_ask,2013.09,389000,349900,7,58,October 2013
condoTown_ask,2013.08,349900,339900,7,57,September 2013
condoTown_ask,2013.07,339900,369450,7,56,August 2013
condoTown_ask,2013.06,369450,359000,7,55,July 2013
condoTown_ask,2013.05,359000,368000,7,54,June 2013
condoTown_ask,2013.04,368000,339900,7,53,May 2013
condoTown_ask,2013.03,339900,348150,7,52,April 2013
condoTown_ask,2013.02,348150,343900,7,51,March 2013
condoTown_ask,2013.01,343900,339000,7,50,February 2013
condoTown_ask,2013.0,339000,318450,7,49,January 2013
condoTown_ask,2012.11,318450,348888,8,48,December 2012
condoTown_ask,2012.1,348888,357950,7,47,November 2012
condoTown_ask,2012.09,357950,339000,7,46,October 2012
condoTown_ask,2012.08,339000,339900,7,45,September 2012
condoTown_ask,2012.07,339900,333900,7,44,August 2012
condoTown_ask,2012.06,333900,355000,7,43,July 2012
condoTown_ask,2012.05,355000,349000,8,42,June 2012
condoTown_ask,2012.04,349000,329000,8,41,May 2012
condoTown_ask,2012.03,329000,319450,10,40,April 2012
condoTown_ask,2012.02,319450,339500,10,39,March 2012
condoTown_ask,2012.01,339500,324950,7,38,February 2012
condoTown_ask,2012.0,324950,325000,7,37,January 2012
condoTown_ask,2011.11,325000,319990,8,36,December 2011
condoTown_ask,2011.1,319990,329000,9,35,November 2011
condoTown_ask,2011.09,329000,329900,10,34,October 2011
condoTown_ask,2011.08,329900,319000,8,33,September 2011
condoTown_ask,2011.07,319000,321950,10,32,August 2011
condoTown_ask,2011.06,321950,329000,9,31,July 2011
condoTown_ask,2011.05,329000,335500,9,30,June 2011
condoTown_ask,2011.04,335500,326950,7,29,May 2011
condoTown_ask,2011.03,326950,329000,8,28,April 2011
condoTown_ask,2011.02,329000,322400,7,27,March 2011
condoTown_ask,2011.01,322400,329000,8,26,February 2011
condoTown_ask,2011.0,329000,308950,7,25,January 2011
condoTown_ask,2010.11,308950,320950,9,24,December 2010
condoTown_ask,2010.1,320950,300000,7,23,November 2010
condoTown_ask,2010.09,300000,309900,9,22,October 2010
condoTown_ask,2010.08,309900,296450,8,21,September 2010
condoTown_ask,2010.07,296450,305900,9,20,August 2010
condoTown_ask,2010.06,305900,309900,8,19,July 2010
condoTown_ask,2010.05,309900,311900,8,18,June 2010
condoTown_ask,2010.04,311900,319900,8,17,May 2010
condoTown_ask,2010.03,319900,299000,7,16,April 2010
condoTown_ask,2010.02,299000,315000,10,15,March 2010
condoTown_ask,2010.01,315000,289900,8,14,February 2010
condoTown_ask,2010.0,289900,284950,9,13,January 2010
condoTown_ask,2009.11,284950,288944,9,12,December 2009
condoTown_ask,2009.1,288944,289900,10,11,November 2009
condoTown_ask,2009.09,289900,299900,9,10,October 2009
condoTown_ask,2009.08,299900,284900,7,9,September 2009
condoTown_ask,2009.07,284900,279900,7,8,August 2009
condoTown_ask,2009.06,279900,289950,10,7,July 2009
condoTown_ask,2009.05,289950,274000,7,6,June 2009
condoTown_ask,2009.04,274000,274950,7,5,May 2009
condoTown_ask,2009.03,274950,269450,7,4,April 2009
condoTown_ask,2009.02,269450,299450,7,3,March 2009
condoTown_ask,2009.01,299450,239900,7,2,February 2009
condoTown_ask,2009.0,239900,239900,9,1,January 2009
condoTown_sold,2019.1,598000,639500,8,131,November 2019
condoTown_sold,2019.09,639500,635000,7,130,October 2019
condoTown_sold,2019.08,635000,600000,7,129,September 2019
condoTown_sold,2019.07,600000,607500,7,128,August 2019
condoTown_sold,2019.06,607500,633000,7,127,July 2019
condoTown_sold,2019.05,633000,637000,7,126,June 2019
condoTown_sold,2019.04,637000,611000,7,125,May 2019
condoTown_sold,2019.03,611000,592500,7,124,April 2019
condoTown_sold,2019.02,592500,600000,7,123,March 2019
condoTown_sold,2019.01,600000,595000,7,122,February 2019
condoTown_sold,2019.0,595000,598750,8,121,January 2019
condoTown_sold,2018.11,598750,577000,8,120,December 2018
condoTown_sold,2018.1,577000,610000,7,119,November 2018
condoTown_sold,2018.09,610000,592000,7,118,October 2018
condoTown_sold,2018.08,592000,569000,8,117,September 2018
condoTown_sold,2018.07,569000,590000,7,116,August 2018
condoTown_sold,2018.06,590000,600500,8,115,July 2018
condoTown_sold,2018.05,600500,594000,7,114,June 2018
condoTown_sold,2018.04,594000,615000,8,113,May 2018
condoTown_sold,2018.03,615000,600000,7,112,April 2018
condoTown_sold,2018.02,600000,584000,7,111,March 2018
condoTown_sold,2018.01,584000,531500,8,110,February 2018
condoTown_sold,2018.0,531500,522500,7,109,January 2018
condoTown_sold,2017.11,522500,539750,8,108,December 2017
condoTown_sold,2017.1,539750,582500,7,107,November 2017
condoTown_sold,2017.09,582500,546000,8,106,October 2017
condoTown_sold,2017.08,546000,537250,7,105,September 2017
condoTown_sold,2017.07,537250,570000,8,104,August 2017
condoTown_sold,2017.06,570000,562500,7,103,July 2017
condoTown_sold,2017.05,562500,600000,7,102,June 2017
condoTown_sold,2017.04,600000,620500,7,101,May 2017
condoTown_sold,2017.03,620500,620000,7,100,April 2017
condoTown_sold,2017.02,620000,571000,7,99,March 2017
condoTown_sold,2017.01,571000,539500,7,98,February 2017
condoTown_sold,2017.0,539500,515000,7,97,January 2017
condoTown_sold,2016.11,515000,523750,7,96,December 2016
condoTown_sold,2016.1,523750,525000,7,95,November 2016
condoTown_sold,2016.09,525000,503500,7,94,October 2016
condoTown_sold,2016.08,503500,495000,7,93,September 2016
condoTown_sold,2016.07,495000,476000,7,92,August 2016
condoTown_sold,2016.06,476000,492500,7,91,July 2016
condoTown_sold,2016.05,492500,488000,7,90,June 2016
condoTown_sold,2016.04,488000,489000,7,89,May 2016
condoTown_sold,2016.03,489000,476000,7,88,April 2016
condoTown_sold,2016.02,476000,461000,7,87,March 2016
condoTown_sold,2016.01,461000,424000,7,86,February 2016
condoTown_sold,2016.0,424000,412000,8,85,January 2016
condoTown_sold,2015.11,412000,430050,8,84,December 2015
condoTown_sold,2015.1,430050,435450,7,83,November 2015
condoTown_sold,2015.09,435450,420000,7,82,October 2015
condoTown_sold,2015.08,420000,428000,7,81,September 2015
condoTown_sold,2015.07,428000,444000,7,80,August 2015
condoTown_sold,2015.06,444000,430750,7,79,July 2015
condoTown_sold,2015.05,430750,437500,7,78,June 2015
condoTown_sold,2015.04,437500,441000,7,77,May 2015
condoTown_sold,2015.03,441000,420000,7,76,April 2015
condoTown_sold,2015.02,420000,392250,7,75,March 2015
condoTown_sold,2015.01,392250,395000,7,74,February 2015
condoTown_sold,2015.0,395000,364000,7,73,January 2015
condoTown_sold,2014.11,364000,420000,8,72,December 2014
condoTown_sold,2014.1,420000,395000,7,71,November 2014
condoTown_sold,2014.09,395000,388000,8,70,October 2014
condoTown_sold,2014.08,388000,386000,8,69,September 2014
condoTown_sold,2014.07,386000,385875,8,68,August 2014
condoTown_sold,2014.06,385875,388000,8,67,July 2014
condoTown_sold,2014.05,388000,388000,7,66,June 2014
condoTown_sold,2014.04,388000,387000,7,65,May 2014
condoTown_sold,2014.03,387000,372500,8,64,April 2014
condoTown_sold,2014.02,372500,400000,7,63,March 2014
condoTown_sold,2014.01,400000,320000,7,62,February 2014
condoTown_sold,2014.0,320000,359000,10,61,January 2014
condoTown_sold,2013.11,359000,359900,7,60,December 2013
condoTown_sold,2013.1,359900,380000,8,59,November 2013
condoTown_sold,2013.09,380000,345800,8,58,October 2013
condoTown_sold,2013.08,345800,336100,8,57,September 2013
condoTown_sold,2013.07,336100,363000,8,56,August 2013
condoTown_sold,2013.06,363000,355700,8,55,July 2013
condoTown_sold,2013.05,355700,361400,8,54,June 2013
condoTown_sold,2013.04,361400,338000,8,53,May 2013
condoTown_sold,2013.03,338000,342250,9,52,April 2013
condoTown_sold,2013.02,342250,343000,8,51,March 2013
condoTown_sold,2013.01,343000,332500,8,50,February 2013
condoTown_sold,2013.0,332500,309500,8,49,January 2013
condoTown_sold,2012.11,309500,338000,10,48,December 2012
condoTown_sold,2012.1,338000,350000,8,47,November 2012
condoTown_sold,2012.09,350000,335000,8,46,October 2012
condoTown_sold,2012.08,335000,335000,9,45,September 2012
condoTown_sold,2012.07,335000,328500,8,44,August 2012
condoTown_sold,2012.06,328500,356000,9,43,July 2012
condoTown_sold,2012.05,356000,355000,7,42,June 2012
condoTown_sold,2012.04,355000,329500,7,41,May 2012
condoTown_sold,2012.03,329500,331000,9,40,April 2012
condoTown_sold,2012.02,331000,337750,7,39,March 2012
condoTown_sold,2012.01,337750,319250,8,38,February 2012
condoTown_sold,2012.0,319250,320000,8,37,January 2012
condoTown_sold,2011.11,320000,319000,9,36,December 2011
condoTown_sold,2011.1,319000,334900,10,35,November 2011
condoTown_sold,2011.09,334900,331000,8,34,October 2011
condoTown_sold,2011.08,331000,320000,7,33,September 2011
condoTown_sold,2011.07,320000,320500,9,32,August 2011
condoTown_sold,2011.06,320500,331500,10,31,July 2011
condoTown_sold,2011.05,331500,332000,7,30,June 2011
condoTown_sold,2011.04,332000,322000,8,29,May 2011
condoTown_sold,2011.03,322000,320500,10,28,April 2011
condoTown_sold,2011.02,320500,316750,8,27,March 2011
condoTown_sold,2011.01,316750,322500,10,26,February 2011
condoTown_sold,2011.0,322500,299000,8,25,January 2011
condoTown_sold,2010.11,299000,312250,10,24,December 2010
condoTown_sold,2010.1,312250,297500,9,23,November 2010
condoTown_sold,2010.09,297500,304000,10,22,October 2010
condoTown_sold,2010.08,304000,288500,10,21,September 2010
condoTown_sold,2010.07,288500,300000,10,20,August 2010
condoTown_sold,2010.06,300000,310000,10,19,July 2010
condoTown_sold,2010.05,310000,310000,7,18,June 2010
condoTown_sold,2010.04,310000,317500,9,17,May 2010
condoTown_sold,2010.03,317500,300000,8,16,April 2010
condoTown_sold,2010.02,300000,315000,8,15,March 2010
condoTown_sold,2010.01,315000,290500,7,14,February 2010
condoTown_sold,2010.0,290500,282950,8,13,January 2010
condoTown_sold,2009.11,282950,289500,10,12,December 2009
condoTown_sold,2009.1,289500,288900,9,11,November 2009
condoTown_sold,2009.09,288900,299250,10,10,October 2009
condoTown_sold,2009.08,299250,283000,8,9,September 2009
condoTown_sold,2009.07,283000,280500,8,8,August 2009
condoTown_sold,2009.06,280500,285000,9,7,July 2009
condoTown_sold,2009.05,285000,266000,8,6,June 2009
condoTown_sold,2009.04,266000,267750,10,5,May 2009
condoTown_sold,2009.03,267750,266000,9,4,April 2009
condoTown_sold,2009.02,266000,289000,8,3,March 2009
condoTown_sold,2009.01,289000,230000,8,2,February 2009
condoTown_sold,2009.0,230000,230000,10,1,January 2009
freeTown_ask,2019.1,899000,899000,4,131,November 2019
freeTown_ask,2019.09,899000,899000,4,130,October 2019
freeTown_ask,2019.08,899000,830000,4,129,September 2019
freeTown_ask,2019.07,830000,849000,4,128,August 2019
freeTown_ask,2019.06,849000,899000,4,127,July 2019
freeTown_ask,2019.05,899000,899000,4,126,June 2019
freeTown_ask,2019.04,899000,874900,4,125,May 2019
freeTown_ask,2019.03,874900,859900,4,124,April 2019
freeTown_ask,2019.02,859900,899000,4,123,March 2019
freeTown_ask,2019.01,899000,849900,4,122,February 2019
freeTown_ask,2019.0,849900,799000,4,121,January 2019
freeTown_ask,2018.11,799000,889900,4,120,December 2018
freeTown_ask,2018.1,889900,849900,4,119,November 2018
freeTown_ask,2018.09,849900,828000,4,118,October 2018
freeTown_ask,2018.08,828000,799800,4,117,September 2018
freeTown_ask,2018.07,799800,834500,4,116,August 2018
freeTown_ask,2018.06,834500,888500,4,115,July 2018
freeTown_ask,2018.05,888500,849900,4,114,June 2018
freeTown_ask,2018.04,849900,849900,4,113,May 2018
freeTown_ask,2018.03,849900,859900,4,112,April 2018
freeTown_ask,2018.02,859900,849900,4,111,March 2018
freeTown_ask,2018.01,849900,824450,4,110,February 2018
freeTown_ask,2018.0,824450,789950,4,109,January 2018
freeTown_ask,2017.11,789950,799900,3,108,December 2017
freeTown_ask,2017.1,799900,849900,4,107,November 2017
freeTown_ask,2017.09,849900,832000,4,106,October 2017
freeTown_ask,2017.08,832000,800000,4,105,September 2017
freeTown_ask,2017.07,800000,799900,4,104,August 2017
freeTown_ask,2017.06,799900,841000,4,103,July 2017
freeTown_ask,2017.05,841000,874500,4,102,June 2017
freeTown_ask,2017.04,874500,799900,4,101,May 2017
freeTown_ask,2017.03,799900,799000,5,100,April 2017
freeTown_ask,2017.02,799000,788888,5,99,March 2017
freeTown_ask,2017.01,788888,749950,5,98,February 2017
freeTown_ask,2017.0,749950,718800,4,97,January 2017
freeTown_ask,2016.11,718800,749000,4,96,December 2016
freeTown_ask,2016.1,749000,749000,4,95,November 2016
freeTown_ask,2016.09,749000,699900,4,94,October 2016
freeTown_ask,2016.08,699900,678000,4,93,September 2016
freeTown_ask,2016.07,678000,699000,4,92,August 2016
freeTown_ask,2016.06,699000,699900,4,91,July 2016
freeTown_ask,2016.05,699900,699000,4,90,June 2016
freeTown_ask,2016.04,699000,699000,4,89,May 2016
freeTown_ask,2016.03,699000,699000,4,88,April 2016
freeTown_ask,2016.02,699000,699000,4,87,March 2016
freeTown_ask,2016.01,699000,599900,4,86,February 2016
freeTown_ask,2016.0,599900,679000,4,85,January 2016
freeTown_ask,2015.11,679000,679900,4,84,December 2015
freeTown_ask,2015.1,679900,676944,4,83,November 2015
freeTown_ask,2015.09,676944,659450,4,82,October 2015
freeTown_ask,2015.08,659450,599000,4,81,September 2015
freeTown_ask,2015.07,599000,629000,4,80,August 2015
freeTown_ask,2015.06,629000,649950,4,79,July 2015
freeTown_ask,2015.05,649950,649900,4,78,June 2015
freeTown_ask,2015.04,649900,609900,4,77,May 2015
freeTown_ask,2015.03,609900,629000,4,76,April 2015
freeTown_ask,2015.02,629000,629000,4,75,March 2015
freeTown_ask,2015.01,629000,629000,4,74,February 2015
freeTown_ask,2015.0,629000,569900,4,73,January 2015
freeTown_ask,2014.11,569900,599000,4,72,December 2014
freeTown_ask,2014.1,599000,599950,4,71,November 2014
freeTown_ask,2014.09,599950,599900,4,70,October 2014
freeTown_ask,2014.08,599900,559000,4,69,September 2014
freeTown_ask,2014.07,559000,589000,4,68,August 2014
freeTown_ask,2014.06,589000,598900,4,67,July 2014
freeTown_ask,2014.05,598900,599000,4,66,June 2014
freeTown_ask,2014.04,599000,589900,4,65,May 2014
freeTown_ask,2014.03,589900,575000,4,64,April 2014
freeTown_ask,2014.02,575000,595800,4,63,March 2014
freeTown_ask,2014.01,595800,539000,4,62,February 2014
freeTown_ask,2014.0,539000,554495,4,61,January 2014
freeTown_ask,2013.11,554495,569900,4,60,December 2013
freeTown_ask,2013.1,569900,562000,4,59,November 2013
freeTown_ask,2013.09,562000,549000,4,58,October 2013
freeTown_ask,2013.08,549000,519000,4,57,September 2013
freeTown_ask,2013.07,519000,538500,3,56,August 2013
freeTown_ask,2013.06,538500,525000,4,55,July 2013
freeTown_ask,2013.05,525000,549000,4,54,June 2013
freeTown_ask,2013.04,549000,525000,4,53,May 2013
freeTown_ask,2013.03,525000,539900,4,52,April 2013
freeTown_ask,2013.02,539900,529900,4,51,March 2013
freeTown_ask,2013.01,529900,540000,4,50,February 2013
freeTown_ask,2013.0,540000,529000,4,49,January 2013
freeTown_ask,2012.11,529000,529900,3,48,December 2012
freeTown_ask,2012.1,529900,529000,3,47,November 2012
freeTown_ask,2012.09,529000,499950,3,46,October 2012
freeTown_ask,2012.08,499950,479000,4,45,September 2012
freeTown_ask,2012.07,479000,499000,3,44,August 2012
freeTown_ask,2012.06,499000,499900,3,43,July 2012
freeTown_ask,2012.05,499900,539900,4,42,June 2012
freeTown_ask,2012.04,539900,499900,4,41,May 2012
freeTown_ask,2012.03,499900,499000,4,40,April 2012
freeTown_ask,2012.02,499000,499000,4,39,March 2012
freeTown_ask,2012.01,499000,469950,4,38,February 2012
freeTown_ask,2012.0,469950,438800,4,37,January 2012
freeTown_ask,2011.11,438800,499000,3,36,December 2011
freeTown_ask,2011.1,499000,479000,4,35,November 2011
freeTown_ask,2011.09,479000,449900,4,34,October 2011
freeTown_ask,2011.08,449900,450000,4,33,September 2011
freeTown_ask,2011.07,450000,449000,4,32,August 2011
freeTown_ask,2011.06,449000,474950,4,31,July 2011
freeTown_ask,2011.05,474950,499000,4,30,June 2011
freeTown_ask,2011.04,499000,478800,4,29,May 2011
freeTown_ask,2011.03,478800,469000,4,28,April 2011
freeTown_ask,2011.02,469000,469900,4,27,March 2011
freeTown_ask,2011.01,469900,439900,4,26,February 2011
freeTown_ask,2011.0,439900,439999,3,25,January 2011
freeTown_ask,2010.11,439999,453850,4,24,December 2010
freeTown_ask,2010.1,453850,449000,3,23,November 2010
freeTown_ask,2010.09,449000,449900,4,22,October 2010
freeTown_ask,2010.08,449900,429000,4,21,September 2010
freeTown_ask,2010.07,429000,438900,3,20,August 2010
freeTown_ask,2010.06,438900,455950,3,19,July 2010
freeTown_ask,2010.05,455950,452900,4,18,June 2010
freeTown_ask,2010.04,452900,439000,3,17,May 2010
freeTown_ask,2010.03,439000,439000,4,16,April 2010
freeTown_ask,2010.02,439000,439900,4,15,March 2010
freeTown_ask,2010.01,439900,397000,4,14,February 2010
freeTown_ask,2010.0,397000,394350,4,13,January 2010
freeTown_ask,2009.11,394350,439900,4,12,December 2009
freeTown_ask,2009.1,439900,419000,4,11,November 2009
freeTown_ask,2009.09,419000,399900,4,10,October 2009
freeTown_ask,2009.08,399900,379999,4,9,September 2009
freeTown_ask,2009.07,379999,389000,4,8,August 2009
freeTown_ask,2009.06,389000,399999,3,7,July 2009
freeTown_ask,2009.05,399999,399900,4,6,June 2009
freeTown_ask,2009.04,399900,394950,4,5,May 2009
freeTown_ask,2009.03,394950,389900,3,4,April 2009
freeTown_ask,2009.02,389900,389900,3,3,March 2009
freeTown_ask,2009.01,389900,399450,3,2,February 2009
freeTown_ask,2009.0,399450,399450,2,1,January 2009
freeTown_sold,2019.1,942000,987500,3,131,November 2019
freeTown_sold,2019.09,987500,969000,3,130,October 2019
freeTown_sold,2019.08,969000,895000,3,129,September 2019
freeTown_sold,2019.07,895000,907500,3,128,August 2019
freeTown_sold,2019.06,907500,953250,3,127,July 2019
freeTown_sold,2019.05,953250,953000,3,126,June 2019
freeTown_sold,2019.04,953000,910000,3,125,May 2019
freeTown_sold,2019.03,910000,940000,3,124,April 2019
freeTown_sold,2019.02,940000,969000,3,123,March 2019
freeTown_sold,2019.01,969000,890000,3,122,February 2019
freeTown_sold,2019.0,890000,824000,3,121,January 2019
freeTown_sold,2018.11,824000,920000,3,120,December 2018
freeTown_sold,2018.1,920000,887500,3,119,November 2018
freeTown_sold,2018.09,887500,851500,3,118,October 2018
freeTown_sold,2018.08,851500,810000,3,117,September 2018
freeTown_sold,2018.07,810000,855000,3,116,August 2018
freeTown_sold,2018.06,855000,909200,3,115,July 2018
freeTown_sold,2018.05,909200,919500,3,114,June 2018
freeTown_sold,2018.04,919500,923000,3,113,May 2018
freeTown_sold,2018.03,923000,900000,3,112,April 2018
freeTown_sold,2018.02,900000,899000,3,111,March 2018
freeTown_sold,2018.01,899000,860000,3,110,February 2018
freeTown_sold,2018.0,860000,780000,3,109,January 2018
freeTown_sold,2017.11,780000,833375,4,108,December 2017
freeTown_sold,2017.1,833375,895000,3,107,November 2017
freeTown_sold,2017.09,895000,850000,3,106,October 2017
freeTown_sold,2017.08,850000,849000,3,105,September 2017
freeTown_sold,2017.07,849000,820000,3,104,August 2017
freeTown_sold,2017.06,820000,860000,3,103,July 2017
freeTown_sold,2017.05,860000,940000,3,102,June 2017
freeTown_sold,2017.04,940000,960000,3,101,May 2017
freeTown_sold,2017.03,960000,950000,3,100,April 2017
freeTown_sold,2017.02,950000,905000,3,99,March 2017
freeTown_sold,2017.01,905000,845511,3,98,February 2017
freeTown_sold,2017.0,845511,752000,3,97,January 2017
freeTown_sold,2016.11,752000,800550,3,96,December 2016
freeTown_sold,2016.1,800550,795000,3,95,November 2016
freeTown_sold,2016.09,795000,790500,3,94,October 2016
freeTown_sold,2016.08,790500,707000,3,93,September 2016
freeTown_sold,2016.07,707000,760000,3,92,August 2016
freeTown_sold,2016.06,760000,800000,3,91,July 2016
freeTown_sold,2016.05,800000,780000,3,90,June 2016
freeTown_sold,2016.04,780000,760000,3,89,May 2016
freeTown_sold,2016.03,760000,745000,3,88,April 2016
freeTown_sold,2016.02,745000,742000,3,87,March 2016
freeTown_sold,2016.01,742000,644500,3,86,February 2016
freeTown_sold,2016.0,644500,688000,3,85,January 2016
freeTown_sold,2015.11,688000,685000,3,84,December 2015
freeTown_sold,2015.1,685000,695000,3,83,November 2015
freeTown_sold,2015.09,695000,699000,3,82,October 2015
freeTown_sold,2015.08,699000,622500,3,81,September 2015
freeTown_sold,2015.07,622500,650000,3,80,August 2015
freeTown_sold,2015.06,650000,680000,3,79,July 2015
freeTown_sold,2015.05,680000,691500,3,78,June 2015
freeTown_sold,2015.04,691500,658800,3,77,May 2015
freeTown_sold,2015.03,658800,672000,3,76,April 2015
freeTown_sold,2015.02,672000,657000,3,75,March 2015
freeTown_sold,2015.01,657000,635000,3,74,February 2015
freeTown_sold,2015.0,635000,571800,3,73,January 2015
freeTown_sold,2014.11,571800,616000,3,72,December 2014
freeTown_sold,2014.1,616000,640000,3,71,November 2014
freeTown_sold,2014.09,640000,640000,3,70,October 2014
freeTown_sold,2014.08,640000,571250,3,69,September 2014
freeTown_sold,2014.07,571250,599000,3,68,August 2014
freeTown_sold,2014.06,599000,619000,3,67,July 2014
freeTown_sold,2014.05,619000,620000,3,66,June 2014
freeTown_sold,2014.04,620000,611950,3,65,May 2014
freeTown_sold,2014.03,611950,599500,3,64,April 2014
freeTown_sold,2014.02,599500,625000,3,63,March 2014
freeTown_sold,2014.01,625000,540000,3,62,February 2014
freeTown_sold,2014.0,540000,565500,3,61,January 2014
freeTown_sold,2013.11,565500,580000,3,60,December 2013
freeTown_sold,2013.1,580000,575500,3,59,November 2013
freeTown_sold,2013.09,575500,570100,3,58,October 2013
freeTown_sold,2013.08,570100,512500,3,57,September 2013
freeTown_sold,2013.07,512500,545000,4,56,August 2013
freeTown_sold,2013.06,545000,547373,3,55,July 2013
freeTown_sold,2013.05,547373,560000,3,54,June 2013
freeTown_sold,2013.04,560000,540000,3,53,May 2013
freeTown_sold,2013.03,540000,549000,3,52,April 2013
freeTown_sold,2013.02,549000,542000,3,51,March 2013
freeTown_sold,2013.01,542000,540000,3,50,February 2013
freeTown_sold,2013.0,540000,522500,3,49,January 2013
freeTown_sold,2012.11,522500,529000,4,48,December 2012
freeTown_sold,2012.1,529000,525000,4,47,November 2012
freeTown_sold,2012.09,525000,529500,4,46,October 2012
freeTown_sold,2012.08,529500,478000,3,45,September 2012
freeTown_sold,2012.07,478000,495500,4,44,August 2012
freeTown_sold,2012.06,495500,515000,4,43,July 2012
freeTown_sold,2012.05,515000,555000,3,42,June 2012
freeTown_sold,2012.04,555000,543000,3,41,May 2012
freeTown_sold,2012.03,543000,518000,3,40,April 2012
freeTown_sold,2012.02,518000,512000,3,39,March 2012
freeTown_sold,2012.01,512000,474250,3,38,February 2012
freeTown_sold,2012.0,474250,437000,3,37,January 2012
freeTown_sold,2011.11,437000,512000,4,36,December 2011
freeTown_sold,2011.1,512000,484000,3,35,November 2011
freeTown_sold,2011.09,484000,455000,3,34,October 2011
freeTown_sold,2011.08,455000,452000,3,33,September 2011
freeTown_sold,2011.07,452000,450000,3,32,August 2011
freeTown_sold,2011.06,450000,477000,3,31,July 2011
freeTown_sold,2011.05,477000,505309,3,30,June 2011
freeTown_sold,2011.04,505309,490000,3,29,May 2011
freeTown_sold,2011.03,490000,475000,3,28,April 2011
freeTown_sold,2011.02,475000,470000,3,27,March 2011
freeTown_sold,2011.01,470000,438000,3,26,February 2011
freeTown_sold,2011.0,438000,440000,4,25,January 2011
freeTown_sold,2010.11,440000,451750,3,24,December 2010
freeTown_sold,2010.1,451750,450500,4,23,November 2010
freeTown_sold,2010.09,450500,451500,3,22,October 2010
freeTown_sold,2010.08,451500,420000,3,21,September 2010
freeTown_sold,2010.07,420000,425000,4,20,August 2010
freeTown_sold,2010.06,425000,460750,4,19,July 2010
freeTown_sold,2010.05,460750,452500,3,18,June 2010
freeTown_sold,2010.04,452500,445000,4,17,May 2010
freeTown_sold,2010.03,445000,449000,3,16,April 2010
freeTown_sold,2010.02,449000,462000,3,15,March 2010
freeTown_sold,2010.01,462000,400000,3,14,February 2010
freeTown_sold,2010.0,400000,399393,3,13,January 2010
freeTown_sold,2009.11,399393,455000,3,12,December 2009
freeTown_sold,2009.1,455000,427000,3,11,November 2009
freeTown_sold,2009.09,427000,420000,3,10,October 2009
freeTown_sold,2009.08,420000,385000,3,9,September 2009
freeTown_sold,2009.07,385000,388000,3,8,August 2009
freeTown_sold,2009.06,388000,410000,4,7,July 2009
freeTown_sold,2009.05,410000,399900,3,6,June 2009
freeTown_sold,2009.04,399900,388000,3,5,May 2009
freeTown_sold,2009.03,388000,378000,4,4,April 2009
freeTown_sold,2009.02,378000,379500,4,3,March 2009
freeTown_sold,2009.01,379500,383500,4,2,February 2009
freeTown_sold,2009.0,383500,383500,4,1,January 2009
detached_ask,2019.1,999900,999000,2,131,November 2019
detached_ask,2019.09,999000,999888,2,130,October 2019
detached_ask,2019.08,999888,959800,2,129,September 2019
detached_ask,2019.07,959800,979000,2,128,August 2019
detached_ask,2019.06,979000,1049000,1,127,July 2019
detached_ask,2019.05,1049000,1034000,2,126,June 2019
detached_ask,2019.04,1034000,999000,2,125,May 2019
detached_ask,2019.03,999000,974900,2,124,April 2019
detached_ask,2019.02,974900,1039000,2,123,March 2019
detached_ask,2019.01,1039000,929000,2,122,February 2019
detached_ask,2019.0,929000,929900,1,121,January 2019
detached_ask,2018.11,929900,999900,1,120,December 2018
detached_ask,2018.1,999900,999990,2,119,November 2018
detached_ask,2018.09,999990,1031900,2,118,October 2018
detached_ask,2018.08,1031900,925000,2,117,September 2018
detached_ask,2018.07,925000,959900,2,116,August 2018
detached_ask,2018.06,959900,999894,1,115,July 2018
detached_ask,2018.05,999894,999999,2,114,June 2018
detached_ask,2018.04,999999,999900,2,113,May 2018
detached_ask,2018.03,999900,998000,2,112,April 2018
detached_ask,2018.02,998000,995000,2,111,March 2018
detached_ask,2018.01,995000,999000,2,110,February 2018
detached_ask,2018.0,999000,950000,1,109,January 2018
detached_ask,2017.11,950000,949900,1,108,December 2017
detached_ask,2017.1,949900,998000,1,107,November 2017
detached_ask,2017.09,998000,998000,2,106,October 2017
detached_ask,2017.08,998000,899900,2,105,September 2017
detached_ask,2017.07,899900,984000,1,104,August 2017
detached_ask,2017.06,984000,1049000,1,103,July 2017
detached_ask,2017.05,1049000,999000,2,102,June 2017
detached_ask,2017.04,999000,1078000,2,101,May 2017
detached_ask,2017.03,1078000,998800,2,100,April 2017
detached_ask,2017.02,998800,999000,2,99,March 2017
detached_ask,2017.01,999000,899999,2,98,February 2017
detached_ask,2017.0,899999,899950,2,97,January 2017
detached_ask,2016.11,899950,938800,2,96,December 2016
detached_ask,2016.1,938800,919000,2,95,November 2016
detached_ask,2016.09,919000,898000,2,94,October 2016
detached_ask,2016.08,898000,799990,2,93,September 2016
detached_ask,2016.07,799990,834000,2,92,August 2016
detached_ask,2016.06,834000,879900,2,91,July 2016
detached_ask,2016.05,879900,888900,2,90,June 2016
detached_ask,2016.04,888900,899000,2,89,May 2016
detached_ask,2016.03,899000,828888,2,88,April 2016
detached_ask,2016.02,828888,871500,2,87,March 2016
detached_ask,2016.01,871500,779000,2,86,February 2016
detached_ask,2016.0,779000,739000,2,85,January 2016
detached_ask,2015.11,739000,795000,2,84,December 2015
detached_ask,2015.1,795000,799450,2,83,November 2015
detached_ask,2015.09,799450,769700,2,82,October 2015
detached_ask,2015.08,769700,731000,2,81,September 2015
detached_ask,2015.07,731000,749000,2,80,August 2015
detached_ask,2015.06,749000,769000,1,79,July 2015
detached_ask,2015.05,769000,799000,2,78,June 2015
detached_ask,2015.04,799000,781513,2,77,May 2015
detached_ask,2015.03,781513,779450,2,76,April 2015
detached_ask,2015.02,779450,763950,2,75,March 2015
detached_ask,2015.01,763950,732000,2,74,February 2015
detached_ask,2015.0,732000,679999,2,73,January 2015
detached_ask,2014.11,679999,699900,1,72,December 2014
detached_ask,2014.1,699900,720000,2,71,November 2014
detached_ask,2014.09,720000,699900,2,70,October 2014
detached_ask,2014.08,699900,649900,2,69,September 2014
detached_ask,2014.07,649900,669000,2,68,August 2014
detached_ask,2014.06,669000,699000,2,67,July 2014
detached_ask,2014.05,699000,699900,2,66,June 2014
detached_ask,2014.04,699900,699900,2,65,May 2014
detached_ask,2014.03,699900,679000,2,64,April 2014
detached_ask,2014.02,679000,740000,2,63,March 2014
detached_ask,2014.01,740000,696500,2,62,February 2014
detached_ask,2014.0,696500,629450,2,61,January 2014
detached_ask,2013.11,629450,649900,1,60,December 2013
detached_ask,2013.1,649900,649900,2,59,November 2013
detached_ask,2013.09,649900,649900,2,58,October 2013
detached_ask,2013.08,649900,598400,2,57,September 2013
detached_ask,2013.07,598400,599900,1,56,August 2013
detached_ask,2013.06,599900,658000,2,55,July 2013
detached_ask,2013.05,658000,650000,1,54,June 2013
detached_ask,2013.04,650000,675000,2,53,May 2013
detached_ask,2013.03,675000,659950,2,52,April 2013
detached_ask,2013.02,659950,658944,2,51,March 2013
detached_ask,2013.01,658944,599000,2,50,February 2013
detached_ask,2013.0,599000,552500,2,49,January 2013
detached_ask,2012.11,552500,592495,1,48,December 2012
detached_ask,2012.1,592495,609000,1,47,November 2012
detached_ask,2012.09,609000,599900,2,46,October 2012
detached_ask,2012.08,599900,554900,2,45,September 2012
detached_ask,2012.07,554900,584900,1,44,August 2012
detached_ask,2012.06,584900,599000,1,43,July 2012
detached_ask,2012.05,599000,629000,1,42,June 2012
detached_ask,2012.04,629000,639000,2,41,May 2012
detached_ask,2012.03,639000,599900,2,40,April 2012
detached_ask,2012.02,599900,619900,2,39,March 2012
detached_ask,2012.01,619900,569900,2,38,February 2012
detached_ask,2012.0,569900,544000,2,37,January 2012
detached_ask,2011.11,544000,599000,1,36,December 2011
detached_ask,2011.1,599000,579000,1,35,November 2011
detached_ask,2011.09,579000,549900,1,34,October 2011
detached_ask,2011.08,549900,528500,2,33,September 2011
detached_ask,2011.07,528500,548900,2,32,August 2011
detached_ask,2011.06,548900,569000,1,31,July 2011
detached_ask,2011.05,569000,569900,2,30,June 2011
detached_ask,2011.04,569900,579000,2,29,May 2011
detached_ask,2011.03,579000,549000,1,28,April 2011
detached_ask,2011.02,549000,549000,2,27,March 2011
detached_ask,2011.01,549000,489900,1,26,February 2011
detached_ask,2011.0,489900,479000,1,25,January 2011
detached_ask,2010.11,479000,524000,1,24,December 2010
detached_ask,2010.1,524000,529000,1,23,November 2010
detached_ask,2010.09,529000,539000,1,22,October 2010
detached_ask,2010.08,539000,459900,1,21,September 2010
detached_ask,2010.07,459900,495950,1,20,August 2010
detached_ask,2010.06,495950,499900,1,19,July 2010
detached_ask,2010.05,499900,529000,1,18,June 2010
detached_ask,2010.04,529000,519000,1,17,May 2010
detached_ask,2010.03,519000,499900,2,16,April 2010
detached_ask,2010.02,499900,499900,2,15,March 2010
detached_ask,2010.01,499900,469900,2,14,February 2010
detached_ask,2010.0,469900,469000,2,13,January 2010
detached_ask,2009.11,469000,488500,2,12,December 2009
detached_ask,2009.1,488500,489000,1,11,November 2009
detached_ask,2009.09,489000,479900,2,10,October 2009
detached_ask,2009.08,479900,449000,1,9,September 2009
detached_ask,2009.07,449000,446900,1,8,August 2009
detached_ask,2009.06,446900,469000,1,7,July 2009
detached_ask,2009.05,469000,474900,1,6,June 2009
detached_ask,2009.04,474900,469900,1,5,May 2009
detached_ask,2009.03,469900,437500,1,4,April 2009
detached_ask,2009.02,437500,419000,1,3,March 2009
detached_ask,2009.01,419000,405000,1,2,February 2009
detached_ask,2009.0,405000,405000,1,1,January 2009
detached_sold,2019.1,1070000,1030000,1,131,November 2019
detached_sold,2019.09,1030000,1075000,1,130,October 2019
detached_sold,2019.08,1075000,960000,1,129,September 2019
detached_sold,2019.07,960000,965000,1,128,August 2019
detached_sold,2019.06,965000,1050000,2,127,July 2019
detached_sold,2019.05,1050000,1070000,1,126,June 2019
detached_sold,2019.04,1070000,1050000,1,125,May 2019
detached_sold,2019.03,1050000,990000,1,124,April 2019
detached_sold,2019.02,990000,1050000,1,123,March 2019
detached_sold,2019.01,1050000,925000,1,122,February 2019
detached_sold,2019.0,925000,891500,2,121,January 2019
detached_sold,2018.11,891500,1035000,2,120,December 2018
detached_sold,2018.1,1035000,1057000,1,119,November 2018
detached_sold,2018.09,1057000,1050000,1,118,October 2018
detached_sold,2018.08,1050000,925000,1,117,September 2018
detached_sold,2018.07,925000,947000,1,116,August 2018
detached_sold,2018.06,947000,1055000,2,115,July 2018
detached_sold,2018.05,1055000,1060000,1,114,June 2018
detached_sold,2018.04,1060000,1070250,1,113,May 2018
detached_sold,2018.03,1070250,1000000,1,112,April 2018
detached_sold,2018.02,1000000,999999,1,111,March 2018
detached_sold,2018.01,999999,981500,1,110,February 2018
detached_sold,2018.0,981500,945944,2,109,January 2018
detached_sold,2017.11,945944,947000,2,108,December 2017
detached_sold,2017.1,947000,998000,2,107,November 2017
detached_sold,2017.09,998000,1000000,1,106,October 2017
detached_sold,2017.08,1000000,895000,1,105,September 2017
detached_sold,2017.07,895000,957500,2,104,August 2017
detached_sold,2017.06,957500,1075000,2,103,July 2017
detached_sold,2017.05,1075000,1102500,1,102,June 2017
detached_sold,2017.04,1102500,1275000,1,101,May 2017
detached_sold,2017.03,1275000,1250500,1,100,April 2017
detached_sold,2017.02,1250500,1255000,1,99,March 2017
detached_sold,2017.01,1255000,1012000,1,98,February 2017
detached_sold,2017.0,1012000,950000,1,97,January 2017
detached_sold,2016.11,950000,1003800,1,96,December 2016
detached_sold,2016.1,1003800,1000000,1,95,November 2016
detached_sold,2016.09,1000000,954000,1,94,October 2016
detached_sold,2016.08,954000,865000,1,93,September 2016
detached_sold,2016.07,865000,885000,1,92,August 2016
detached_sold,2016.06,885000,940000,1,91,July 2016
detached_sold,2016.05,940000,960000,1,90,June 2016
detached_sold,2016.04,960000,961000,1,89,May 2016
detached_sold,2016.03,961000,880000,1,88,April 2016
detached_sold,2016.02,880000,920000,1,87,March 2016
detached_sold,2016.01,920000,787000,1,86,February 2016
detached_sold,2016.0,787000,740000,1,85,January 2016
detached_sold,2015.11,740000,795000,1,84,December 2015
detached_sold,2015.1,795000,820050,1,83,November 2015
detached_sold,2015.09,820050,791500,1,82,October 2015
detached_sold,2015.08,791500,753000,1,81,September 2015
detached_sold,2015.07,753000,740000,1,80,August 2015
detached_sold,2015.06,740000,799900,2,79,July 2015
detached_sold,2015.05,799900,828000,1,78,June 2015
detached_sold,2015.04,828000,810000,1,77,May 2015
detached_sold,2015.03,810000,807500,1,76,April 2015
detached_sold,2015.02,807500,810500,1,75,March 2015
detached_sold,2015.01,810500,746250,1,74,February 2015
detached_sold,2015.0,746250,677000,1,73,January 2015
detached_sold,2014.11,677000,730000,2,72,December 2014
detached_sold,2014.1,730000,740000,1,71,November 2014
detached_sold,2014.09,740000,727000,1,70,October 2014
detached_sold,2014.08,727000,657000,1,69,September 2014
detached_sold,2014.07,657000,680000,1,68,August 2014
detached_sold,2014.06,680000,715000,1,67,July 2014
detached_sold,2014.05,715000,728000,1,66,June 2014
detached_sold,2014.04,728000,730000,1,65,May 2014
detached_sold,2014.03,730000,699500,1,64,April 2014
detached_sold,2014.02,699500,751000,1,63,March 2014
detached_sold,2014.01,751000,699000,1,62,February 2014
detached_sold,2014.0,699000,628000,1,61,January 2014
detached_sold,2013.11,628000,660000,2,60,December 2013
detached_sold,2013.1,660000,659000,1,59,November 2013
detached_sold,2013.09,659000,650000,1,58,October 2013
detached_sold,2013.08,650000,590250,1,57,September 2013
detached_sold,2013.07,590250,610000,2,56,August 2013
detached_sold,2013.06,610000,655000,1,55,July 2013
detached_sold,2013.05,655000,660500,2,54,June 2013
detached_sold,2013.04,660500,682000,1,53,May 2013
detached_sold,2013.03,682000,669500,1,52,April 2013
detached_sold,2013.02,669500,667000,1,51,March 2013
detached_sold,2013.01,667000,599450,1,50,February 2013
detached_sold,2013.0,599450,540500,1,49,January 2013
detached_sold,2012.11,540500,579950,2,48,December 2012
detached_sold,2012.1,579950,617500,2,47,November 2012
detached_sold,2012.09,617500,606950,1,46,October 2012
detached_sold,2012.08,606950,550000,1,45,September 2012
detached_sold,2012.07,550000,575000,2,44,August 2012
detached_sold,2012.06,575000,596056,2,43,July 2012
detached_sold,2012.05,596056,645600,2,42,June 2012
detached_sold,2012.04,645600,650800,1,41,May 2012
detached_sold,2012.03,650800,625000,1,40,April 2012
detached_sold,2012.02,625000,648400,1,39,March 2012
detached_sold,2012.01,648400,571000,1,38,February 2012
detached_sold,2012.0,571000,542000,1,37,January 2012
detached_sold,2011.11,542000,588940,2,36,December 2011
detached_sold,2011.1,588940,570500,2,35,November 2011
detached_sold,2011.09,570500,558500,2,34,October 2011
detached_sold,2011.08,558500,530000,1,33,September 2011
detached_sold,2011.07,530000,541000,1,32,August 2011
detached_sold,2011.06,541000,574000,2,31,July 2011
detached_sold,2011.05,574000,580180,1,30,June 2011
detached_sold,2011.04,580180,575350,1,29,May 2011
detached_sold,2011.03,575350,549450,2,28,April 2011
detached_sold,2011.02,549450,546250,1,27,March 2011
detached_sold,2011.01,546250,484550,2,26,February 2011
detached_sold,2011.0,484550,465000,2,25,January 2011
detached_sold,2010.11,465000,515000,2,24,December 2010
detached_sold,2010.1,515000,520000,2,23,November 2010
detached_sold,2010.09,520000,528500,2,22,October 2010
detached_sold,2010.08,528500,450000,2,21,September 2010
detached_sold,2010.07,450000,480000,2,20,August 2010
detached_sold,2010.06,480000,495000,2,19,July 2010
detached_sold,2010.05,495000,525000,2,18,June 2010
detached_sold,2010.04,525000,520000,2,17,May 2010
detached_sold,2010.03,520000,513000,1,16,April 2010
detached_sold,2010.02,513000,520000,1,15,March 2010
detached_sold,2010.01,520000,484000,1,14,February 2010
detached_sold,2010.0,484000,470000,1,13,January 2010
detached_sold,2009.11,470000,487250,1,12,December 2009
detached_sold,2009.1,487250,490100,2,11,November 2009
detached_sold,2009.09,490100,476750,1,10,October 2009
detached_sold,2009.08,476750,444900,2,9,September 2009
detached_sold,2009.07,444900,439000,2,8,August 2009
detached_sold,2009.06,439000,460288,2,7,July 2009
detached_sold,2009.05,460288,467750,2,6,June 2009
detached_sold,2009.04,467750,458750,2,5,May 2009
detached_sold,2009.03,458750,424344,2,4,April 2009
detached_sold,2009.02,424344,398500,2,3,March 2009
detached_sold,2009.01,398500,395000,2,2,February 2009
detached_sold,2009.0,395000,395000,3,1,January 2009
